employee_id,name,department,salary
1,Employee_1,IT,66193
2,Employee_2,Marketing,42118
3,Employee_3,Marketing,73499
4,Employee_4,Sales,96471
5,Employee_5,IT,31780
6,Employee_6,IT,89468
7,Employee_7,IT,79422
8,Employee_8,Sales,96492
9,Employee_9,IT,68228
10,Employee_10,IT,86118
11,Employee_11,Sales,93653
12,Employee_12,Sales,97898
13,Employee_13,Marketing,78272
14,Employee_14,HR,33920
15,Employee_15,IT,51213
16,Employee_16,Sales,94900
17,Employee_17,Finance,67043
18,Employee_18,Sales,88905
19,Employee_19,Sales,45921
20,Employee_20,IT,52299
21,Employee_21,IT,58387
22,Employee_22,HR,93686
23,Employee_23,Sales,39047
24,Employee_24,Finance,65438
25,Employee_25,Marketing,72782
26,Employee_26,Sales,72764
27,Employee_27,Finance,89039
28,Employee_28,Sales,97312
29,Employee_29,Finance,74962
30,Employee_30,Sales,42821
31,Employee_31,Sales,68415
32,Employee_32,Marketing,86811
33,Employee_33,Marketing,41118
34,Employee_34,HR,30291
35,Employee_35,Sales,91064
36,Employee_36,Sales,76663
37,Employee_37,IT,95151
38,Employee_38,Sales,70785
39,Employee_39,Marketing,84276
40,Employee_40,IT,77523
41,Employee_41,Sales,82092
42,Employee_42,IT,92861
43,Employee_43,Finance,46958
44,Employee_44,Finance,66348
45,Employee_45,Marketing,65510
46,Employee_46,IT,68743
47,Employee_47,HR,96263
48,Employee_48,Finance,76870
49,Employee_49,IT,48976
50,Employee_50,IT,99577
51,Employee_51,Finance,33403
52,Employee_52,Sales,95027
53,Employee_53,Sales,83036
54,Employee_54,Marketing,56397
55,Employee_55,HR,81777
56,Employee_56,Marketing,41622
57,Employee_57,Finance,32189
58,Employee_58,HR,46623
59,Employee_59,Sales,34463
60,Employee_60,Sales,44014
61,Employee_61,Marketing,96895
62,Employee_62,Sales,98621
63,Employee_63,Marketing,91547
64,Employee_64,Marketing,71006
65,Employee_65,HR,35042
66,Employee_66,Marketing,41084
67,Employee_67,Sales,79800
68,Employee_68,IT,87142
69,Employee_69,Sales,79273
70,Employee_70,Sales,42534
71,Employee_71,IT,41352
72,Employee_72,HR,85603
73,Employee_73,Marketing,63569
74,Employee_74,IT,77921
75,Employee_75,HR,84488
76,Employee_76,IT,60009
77,Employee_77,Finance,47125
78,Employee_78,Sales,36745
79,Employee_79,IT,57923
80,Employee_80,Marketing,63013
81,Employee_81,HR,34606
82,Employee_82,Sales,33899
83,Employee_83,Marketing,91656
84,Employee_84,Marketing,59627
85,Employee_85,Sales,72383
86,Employee_86,Sales,39692
87,Employee_87,Finance,98307
88,Employee_88,Finance,52794
89,Employee_89,Finance,46531
90,Employee_90,IT,47848
91,Employee_91,IT,75963
92,Employee_92,HR,88483
93,Employee_93,Marketing,45140
94,Employee_94,Finance,75746
95,Employee_95,IT,92857
96,Employee_96,Sales,63730
97,Employee_97,Sales,56272
98,Employee_98,HR,87108
99,Employee_99,HR,39560
100,Employee_100,Marketing,78886
101,Employee_101,Sales,33913
102,Employee_102,HR,35657
103,Employee_103,HR,93176
104,Employee_104,IT,93344
105,Employee_105,IT,43465
106,Employee_106,Sales,73723
107,Employee_107,HR,55990
108,Employee_108,HR,46618
109,Employee_109,IT,66383
110,Employee_110,HR,53628
111,Employee_111,Sales,31078
112,Employee_112,IT,48517
113,Employee_113,Sales,71384
114,Employee_114,IT,99695
115,Employee_115,Finance,50506
116,Employee_116,Sales,80271
117,Employee_117,HR,72514
118,Employee_118,HR,80272
119,Employee_119,IT,59208
120,Employee_120,Sales,49526
121,Employee_121,Marketing,63396
122,Employee_122,Marketing,44981
123,Employee_123,Sales,48743
124,Employee_124,Marketing,99881
125,Employee_125,Marketing,81096
126,Employee_126,Sales,94353
127,Employee_127,Finance,60568
128,Employee_128,HR,37475
129,Employee_129,Finance,62595
130,Employee_130,IT,88932
131,Employee_131,Finance,40101
132,Employee_132,HR,65532
133,Employee_133,Marketing,74629
134,Employee_134,HR,68017
135,Employee_135,Finance,31062
136,Employee_136,IT,36863
137,Employee_137,Sales,76023
138,Employee_138,HR,35049
139,Employee_139,HR,54737
140,Employee_140,Marketing,85120
141,Employee_141,Marketing,75948
142,Employee_142,Finance,86056
143,Employee_143,Sales,50667
144,Employee_144,Marketing,31381
145,Employee_145,Finance,36953
146,Employee_146,Finance,87408
147,Employee_147,Finance,52369
148,Employee_148,Finance,93732
149,Employee_149,Finance,40643
150,Employee_150,Marketing,91724
151,Employee_151,IT,51187
152,Employee_152,HR,80241
153,Employee_153,Sales,86128
154,Employee_154,IT,36559
155,Employee_155,HR,74528
156,Employee_156,IT,46997
157,Employee_157,Marketing,50040
158,Employee_158,Sales,68716
159,Employee_159,Marketing,84834
160,Employee_160,Marketing,41865
161,Employee_161,Finance,66380
162,Employee_162,Finance,97122
163,Employee_163,HR,63517
164,Employee_164,Sales,85121
165,Employee_165,IT,88221
166,Employee_166,HR,72268
167,Employee_167,Sales,37175
168,Employee_168,IT,67579
169,Employee_169,HR,95776
170,Employee_170,Finance,41972
171,Employee_171,Finance,96515
172,Employee_172,Finance,38926
173,Employee_173,Marketing,95263
174,Employee_174,Finance,78990
175,Employee_175,Finance,99300
176,Employee_176,IT,90248
177,Employee_177,Marketing,42287
178,Employee_178,Sales,70506
179,Employee_179,Finance,48767
180,Employee_180,HR,51244
181,Employee_181,Marketing,59396
182,Employee_182,Sales,75657
183,Employee_183,HR,32531
184,Employee_184,HR,82093
185,Employee_185,Finance,59375
186,Employee_186,Sales,86830
187,Employee_187,HR,82315
188,Employee_188,Sales,41131
189,Employee_189,HR,74812
190,Employee_190,IT,83310
191,Employee_191,HR,50558
192,Employee_192,Marketing,58939
193,Employee_193,IT,52069
194,Employee_194,IT,49248
195,Employee_195,IT,95719
196,Employee_196,IT,80242
197,Employee_197,HR,79614
198,Employee_198,Finance,75643
199,Employee_199,IT,65114
200,Employee_200,Finance,92133
201,Employee_201,HR,62044
202,Employee_202,Finance,72623
203,Employee_203,HR,71823
204,Employee_204,Sales,90766
205,Employee_205,Sales,32251
206,Employee_206,Marketing,84326
207,Employee_207,Marketing,66219
208,Employee_208,Sales,30967
209,Employee_209,HR,79974
210,Employee_210,Sales,67804
211,Employee_211,Marketing,92900
212,Employee_212,HR,65726
213,Employee_213,HR,60454
214,Employee_214,IT,78519
215,Employee_215,Finance,72488
216,Employee_216,Sales,31824
217,Employee_217,Marketing,70204
218,Employee_218,HR,90609
219,Employee_219,HR,37171
220,Employee_220,HR,34976
221,Employee_221,Marketing,85519
222,Employee_222,HR,48954
223,Employee_223,Marketing,35809
224,Employee_224,HR,77480
225,Employee_225,Sales,62502
226,Employee_226,HR,79161
227,Employee_227,IT,41609
228,Employee_228,Finance,40585
229,Employee_229,Sales,45387
230,Employee_230,IT,74174
231,Employee_231,Sales,60152
232,Employee_232,IT,85592
233,Employee_233,IT,85595
234,Employee_234,HR,70030
235,Employee_235,Finance,58850
236,Employee_236,Sales,73096
237,Employee_237,Finance,35856
238,Employee_238,Finance,97034
239,Employee_239,IT,80733
240,Employee_240,HR,77095
241,Employee_241,Marketing,31546
242,Employee_242,Sales,86413
243,Employee_243,Sales,93898
244,Employee_244,IT,98913
245,Employee_245,Marketing,64742
246,Employee_246,Marketing,36988
247,Employee_247,Sales,59212
248,Employee_248,Sales,93436
249,Employee_249,Marketing,90039
250,Employee_250,IT,54899
251,Employee_251,IT,88187
252,Employee_252,Sales,57061
253,Employee_253,HR,60301
254,Employee_254,Finance,47938
255,Employee_255,HR,34892
256,Employee_256,Marketing,49320
257,Employee_257,IT,35600
258,Employee_258,Sales,43199
259,Employee_259,IT,86500
260,Employee_260,IT,80626
261,Employee_261,IT,74789
262,Employee_262,Sales,87978
263,Employee_263,IT,48243
264,Employee_264,Sales,52890
265,Employee_265,HR,74355
266,Employee_266,IT,47014
267,Employee_267,Sales,32361
268,Employee_268,HR,96973
269,Employee_269,Marketing,79473
270,Employee_270,IT,57493
271,Employee_271,HR,88194
272,Employee_272,HR,62758
273,Employee_273,Marketing,58353
274,Employee_274,IT,40430
275,Employee_275,IT,84376
276,Employee_276,Sales,31679
277,Employee_277,HR,84359
278,Employee_278,IT,42032
279,Employee_279,HR,58371
280,Employee_280,Marketing,59644
281,Employee_281,Marketing,82156
282,Employee_282,HR,92985
283,Employee_283,Finance,66159
284,Employee_284,Sales,55034
285,Employee_285,HR,60553
286,Employee_286,HR,59915
287,Employee_287,Finance,49503
288,Employee_288,IT,96691
289,Employee_289,IT,79480
290,Employee_290,Sales,70927
291,Employee_291,IT,84736
292,Employee_292,IT,97684
293,Employee_293,Sales,41249
294,Employee_294,Sales,40198
295,Employee_295,Finance,54228
296,Employee_296,Finance,37539
297,Employee_297,HR,53741
298,Employee_298,Sales,38918
299,Employee_299,IT,76942
300,Employee_300,Sales,33675
301,Employee_301,Marketing,55137
302,Employee_302,IT,47398
303,Employee_303,HR,34311
304,Employee_304,HR,51408
305,Employee_305,Sales,91286
306,Employee_306,IT,69794
307,Employee_307,HR,86789
308,Employee_308,Finance,37428
309,Employee_309,IT,71179
310,Employee_310,HR,88917
311,Employee_311,Sales,82383
312,Employee_312,Sales,54906
313,Employee_313,Marketing,37923
314,Employee_314,HR,34428
315,Employee_315,HR,38474
316,Employee_316,IT,88587
317,Employee_317,HR,41111
318,Employee_318,IT,37503
319,Employee_319,Sales,99198
320,Employee_320,Sales,34342
321,Employee_321,Marketing,78444
322,Employee_322,Finance,56832
323,Employee_323,IT,79676
324,Employee_324,Marketing,68662
325,Employee_325,Finance,82839
326,Employee_326,HR,52413
327,Employee_327,Marketing,72724
328,Employee_328,Finance,63358
329,Employee_329,Marketing,57800
330,Employee_330,Sales,42296
331,Employee_331,HR,53016
332,Employee_332,Marketing,79478
333,Employee_333,Sales,66407
334,Employee_334,Finance,46025
335,Employee_335,Sales,62764
336,Employee_336,HR,64812
337,Employee_337,HR,47862
338,Employee_338,IT,66221
339,Employee_339,IT,93805
340,Employee_340,Sales,74158
341,Employee_341,Finance,62795
342,Employee_342,Sales,98154
343,Employee_343,IT,47458
344,Employee_344,IT,34193
345,Employee_345,Marketing,64750
346,Employee_346,Sales,60259
347,Employee_347,Sales,43326
348,Employee_348,IT,56794
349,Employee_349,Marketing,82364
350,Employee_350,Finance,63763
351,Employee_351,Marketing,58421
352,Employee_352,Finance,75833
353,Employee_353,Sales,74639
354,Employee_354,HR,66155
355,Employee_355,Sales,67197
356,Employee_356,HR,37311
357,Employee_357,HR,75618
358,Employee_358,Marketing,30875
359,Employee_359,Sales,50104
360,Employee_360,HR,61824
361,Employee_361,IT,68517
362,Employee_362,HR,38366
363,Employee_363,IT,64410
364,Employee_364,Sales,49471
365,Employee_365,IT,77909
366,Employee_366,Marketing,97409
367,Employee_367,Marketing,68844
368,Employee_368,Finance,52917
369,Employee_369,Marketing,74934
370,Employee_370,Sales,45764
371,Employee_371,IT,67773
372,Employee_372,Marketing,50847
373,Employee_373,IT,72412
374,Employee_374,Finance,57732
375,Employee_375,Finance,62721
376,Employee_376,Sales,48236
377,Employee_377,Marketing,69206
378,Employee_378,Sales,90249
379,Employee_379,Marketing,80368
380,Employee_380,HR,86643
381,Employee_381,Sales,45466
382,Employee_382,Sales,86577
383,Employee_383,Finance,64696
384,Employee_384,Marketing,37505
385,Employee_385,HR,88863
386,Employee_386,IT,67693
387,Employee_387,Marketing,97274
388,Employee_388,Marketing,81362
389,Employee_389,HR,75121
390,Employee_390,IT,91791
391,Employee_391,Sales,36780
392,Employee_392,IT,67927
393,Employee_393,HR,89209
394,Employee_394,IT,89878
395,Employee_395,Marketing,43091
396,Employee_396,IT,39491
397,Employee_397,IT,57004
398,Employee_398,IT,55183
399,Employee_399,Finance,63577
400,Employee_400,Marketing,81603
401,Employee_401,Marketing,76443
402,Employee_402,Sales,84480
403,Employee_403,Sales,81585
404,Employee_404,Finance,42219
405,Employee_405,Finance,66021
406,Employee_406,Finance,75175
407,Employee_407,IT,31659
408,Employee_408,IT,62490
409,Employee_409,Marketing,38750
410,Employee_410,Sales,44300
411,Employee_411,HR,46080
412,Employee_412,Sales,43018
413,Employee_413,HR,93576
414,Employee_414,IT,67131
415,Employee_415,Marketing,57730
416,Employee_416,Finance,58026
417,Employee_417,Sales,71933
418,Employee_418,Marketing,75247
419,Employee_419,Marketing,50086
420,Employee_420,IT,78007
421,Employee_421,Sales,58105
422,Employee_422,HR,81733
423,Employee_423,Marketing,54747
424,Employee_424,Marketing,83720
425,Employee_425,Finance,47230
426,Employee_426,Marketing,60437
427,Employee_427,Finance,98102
428,Employee_428,Finance,69626
429,Employee_429,IT,43767
430,Employee_430,HR,67306
431,Employee_431,HR,88594
432,Employee_432,Sales,52077
433,Employee_433,Finance,31703
434,Employee_434,IT,70113
435,Employee_435,Marketing,96217
436,Employee_436,Finance,32477
437,Employee_437,Sales,81937
438,Employee_438,Sales,91534
439,Employee_439,Finance,63597
440,Employee_440,Finance,45842
441,Employee_441,Marketing,37966
442,Employee_442,IT,32539
443,Employee_443,HR,71207
444,Employee_444,Sales,38316
445,Employee_445,HR,34106
446,Employee_446,Marketing,52314
447,Employee_447,Finance,49788
448,Employee_448,IT,34080
449,Employee_449,HR,31192
450,Employee_450,IT,55120
451,Employee_451,Marketing,42754
452,Employee_452,Finance,67056
453,Employee_453,HR,99462
454,Employee_454,IT,66624
455,Employee_455,IT,91864
456,Employee_456,Finance,38717
457,Employee_457,IT,78865
458,Employee_458,IT,75889
459,Employee_459,IT,70804
460,Employee_460,Finance,50709
461,Employee_461,Marketing,97178
462,Employee_462,IT,88609
463,Employee_463,Sales,38897
464,Employee_464,HR,52335
465,Employee_465,Marketing,53428
466,Employee_466,Marketing,61913
467,Employee_467,Marketing,65783
468,Employee_468,HR,99896
469,Employee_469,Finance,55865
470,Employee_470,Marketing,34983
471,Employee_471,HR,40522
472,Employee_472,Finance,45860
473,Employee_473,HR,37623
474,Employee_474,Finance,64684
475,Employee_475,Marketing,38412
476,Employee_476,Marketing,62359
477,Employee_477,Marketing,34759
478,Employee_478,IT,49367
479,Employee_479,Sales,88499
480,Employee_480,Marketing,93178
481,Employee_481,HR,85861
482,Employee_482,IT,59667
483,Employee_483,Sales,81717
484,Employee_484,Finance,81827
485,Employee_485,Marketing,79104
486,Employee_486,Finance,69754
487,Employee_487,HR,91000
488,Employee_488,HR,74294
489,Employee_489,Marketing,86902
490,Employee_490,Marketing,93987
491,Employee_491,Marketing,30022
492,Employee_492,Sales,76714
493,Employee_493,Sales,83600
494,Employee_494,Marketing,62799
495,Employee_495,Finance,45285
496,Employee_496,HR,84998
497,Employee_497,Finance,71298
498,Employee_498,IT,82972
499,Employee_499,Finance,76246
500,Employee_500,Marketing,97443
501,Employee_501,Marketing,97699
502,Employee_502,HR,80996
503,Employee_503,HR,67748
504,Employee_504,Finance,64657
505,Employee_505,IT,83994
506,Employee_506,IT,67267
507,Employee_507,IT,44563
508,Employee_508,Finance,76096
509,Employee_509,Marketing,71758
510,Employee_510,Finance,37389
511,Employee_511,HR,65273
512,Employee_512,HR,75385
513,Employee_513,Finance,69498
514,Employee_514,Sales,38141
515,Employee_515,HR,37883
516,Employee_516,Marketing,56491
517,Employee_517,Finance,62723
518,Employee_518,Sales,30973
519,Employee_519,HR,67724
520,Employee_520,Finance,92019
521,Employee_521,HR,84095
522,Employee_522,HR,42919
523,Employee_523,Marketing,50600
524,Employee_524,Sales,53559
525,Employee_525,IT,45901
526,Employee_526,IT,77298
527,Employee_527,Sales,89549
528,Employee_528,Sales,57424
529,Employee_529,IT,36166
530,Employee_530,HR,50519
531,Employee_531,Marketing,49840
532,Employee_532,HR,72128
533,Employee_533,Finance,65301
534,Employee_534,HR,51347
535,Employee_535,Finance,84074
536,Employee_536,Finance,61420
537,Employee_537,Marketing,69482
538,Employee_538,HR,50346
539,Employee_539,HR,42885
540,Employee_540,Finance,79347
541,Employee_541,HR,79554
542,Employee_542,IT,52482
543,Employee_543,Finance,89485
544,Employee_544,HR,45213
545,Employee_545,HR,33529
546,Employee_546,Sales,35969
547,Employee_547,Marketing,85151
548,Employee_548,Sales,91260
549,Employee_549,Sales,73525
550,Employee_550,Finance,43543
551,Employee_551,Finance,85699
552,Employee_552,Finance,47223
553,Employee_553,Marketing,96527
554,Employee_554,Marketing,71399
555,Employee_555,Marketing,96964
556,Employee_556,Sales,42872
557,Employee_557,HR,91336
558,Employee_558,Sales,41693
559,Employee_559,HR,48238
560,Employee_560,Sales,39449
561,Employee_561,HR,66641
562,Employee_562,IT,54858
563,Employee_563,HR,87657
564,Employee_564,Sales,68006
565,Employee_565,HR,88489
566,Employee_566,IT,50802
567,Employee_567,Finance,52116
568,Employee_568,Sales,93092
569,Employee_569,Marketing,42529
570,Employee_570,HR,55793
571,Employee_571,Sales,74759
572,Employee_572,Finance,76412
573,Employee_573,HR,66433
574,Employee_574,Sales,76647
575,Employee_575,Marketing,91743
576,Employee_576,Finance,43256
577,Employee_577,IT,53333
578,Employee_578,HR,42000
579,Employee_579,Finance,74774
580,Employee_580,Finance,46622
581,Employee_581,Sales,52511
582,Employee_582,HR,90327
583,Employee_583,Marketing,89500
584,Employee_584,Finance,66828
585,Employee_585,HR,92881
586,Employee_586,Sales,44446
587,Employee_587,Sales,87293
588,Employee_588,Marketing,73701
589,Employee_589,HR,94506
590,Employee_590,IT,65398
591,Employee_591,Finance,48505
592,Employee_592,Finance,61489
593,Employee_593,HR,67045
594,Employee_594,Finance,50670
595,Employee_595,HR,89493
596,Employee_596,Marketing,64399
597,Employee_597,IT,31069
598,Employee_598,Marketing,61612
599,Employee_599,HR,43863
600,Employee_600,Finance,95583
601,Employee_601,Finance,54703
602,Employee_602,HR,58540
603,Employee_603,IT,88335
604,Employee_604,Finance,36170
605,Employee_605,HR,64349
606,Employee_606,Finance,62113
607,Employee_607,IT,72814
608,Employee_608,HR,54323
609,Employee_609,Sales,94575
610,Employee_610,Finance,35329
611,Employee_611,Finance,97605
612,Employee_612,IT,49450
613,Employee_613,HR,96120
614,Employee_614,Marketing,39623
615,Employee_615,IT,79124
616,Employee_616,Sales,32866
617,Employee_617,Finance,53909
618,Employee_618,Sales,33431
619,Employee_619,HR,56781
620,Employee_620,Sales,55385
621,Employee_621,HR,46305
622,Employee_622,Finance,89400
623,Employee_623,HR,38796
624,Employee_624,Marketing,50958
625,Employee_625,Finance,91041
626,Employee_626,HR,93245
627,Employee_627,Marketing,70187
628,Employee_628,Sales,31219
629,Employee_629,HR,51453
630,Employee_630,Sales,42863
631,Employee_631,Finance,97746
632,Employee_632,Finance,60925
633,Employee_633,HR,34896
634,Employee_634,Sales,99897
635,Employee_635,IT,78511
636,Employee_636,Finance,96690
637,Employee_637,Finance,77142
638,Employee_638,Marketing,96657
639,Employee_639,IT,82461
640,Employee_640,Sales,71172
641,Employee_641,Marketing,40405
642,Employee_642,Marketing,88228
643,Employee_643,Sales,37376
644,Employee_644,Marketing,52809
645,Employee_645,Marketing,33734
646,Employee_646,IT,94194
647,Employee_647,Finance,50504
648,Employee_648,Finance,38181
649,Employee_649,IT,96156
650,Employee_650,Finance,92374
651,Employee_651,Finance,51479
652,Employee_652,Sales,85011
653,Employee_653,Marketing,72682
654,Employee_654,HR,57853
655,Employee_655,Sales,31086
656,Employee_656,Marketing,66030
657,Employee_657,Sales,90072
658,Employee_658,Finance,52852
659,Employee_659,Finance,63486
660,Employee_660,Sales,81137
661,Employee_661,Finance,43570
662,Employee_662,HR,97995
663,Employee_663,Marketing,99182
664,Employee_664,HR,78292
665,Employee_665,IT,43614
666,Employee_666,Sales,68560
667,Employee_667,IT,89459
668,Employee_668,Finance,35284
669,Employee_669,Marketing,61462
670,Employee_670,HR,76146
671,Employee_671,Marketing,60374
672,Employee_672,Finance,50043
673,Employee_673,Marketing,68110
674,Employee_674,IT,77035
675,Employee_675,Finance,51101
676,Employee_676,HR,65365
677,Employee_677,HR,32076
678,Employee_678,HR,60416
679,Employee_679,IT,84392
680,Employee_680,HR,70710
681,Employee_681,IT,91045
682,Employee_682,Marketing,78839
683,Employee_683,HR,47023
684,Employee_684,HR,87850
685,Employee_685,Marketing,31802
686,Employee_686,HR,76669
687,Employee_687,IT,36989
688,Employee_688,Sales,43690
689,Employee_689,Marketing,47495
690,Employee_690,Finance,97792
691,Employee_691,Sales,36628
692,Employee_692,Finance,55527
693,Employee_693,Marketing,34053
694,Employee_694,Marketing,77936
695,Employee_695,Sales,83901
696,Employee_696,IT,63666
697,Employee_697,IT,91474
698,Employee_698,Marketing,94553
699,Employee_699,Finance,53159
700,Employee_700,HR,72588
701,Employee_701,Finance,64006
702,Employee_702,IT,79772
703,Employee_703,IT,46425
704,Employee_704,IT,73376
705,Employee_705,Marketing,46669
706,Employee_706,Sales,64067
707,Employee_707,Finance,30162
708,Employee_708,Finance,79576
709,Employee_709,Sales,56742
710,Employee_710,Sales,49839
711,Employee_711,Marketing,54872
712,Employee_712,HR,87928
713,Employee_713,HR,96323
714,Employee_714,Finance,96314
715,Employee_715,Finance,94915
716,Employee_716,Finance,59766
717,Employee_717,IT,94252
718,Employee_718,Finance,63029
719,Employee_719,Marketing,56154
720,Employee_720,HR,31848
721,Employee_721,Finance,57415
722,Employee_722,IT,68796
723,Employee_723,Sales,53873
724,Employee_724,Marketing,38475
725,Employee_725,Marketing,71621
726,Employee_726,Finance,47073
727,Employee_727,IT,96332
728,Employee_728,Marketing,74161
729,Employee_729,Finance,59020
730,Employee_730,Marketing,49844
731,Employee_731,Marketing,90822
732,Employee_732,Marketing,61299
733,Employee_733,Finance,53103
734,Employee_734,Sales,74853
735,Employee_735,Finance,44622
736,Employee_736,Finance,42600
737,Employee_737,HR,98077
738,Employee_738,Finance,97044
739,Employee_739,Finance,76521
740,Employee_740,Sales,68441
741,Employee_741,IT,98085
742,Employee_742,Finance,53732
743,Employee_743,Marketing,77398
744,Employee_744,Marketing,60444
745,Employee_745,Marketing,75049
746,Employee_746,IT,67300
747,Employee_747,Sales,42007
748,Employee_748,HR,33762
749,Employee_749,HR,30636
750,Employee_750,IT,51441
751,Employee_751,HR,88170
752,Employee_752,Marketing,30933
753,Employee_753,Finance,76924
754,Employee_754,IT,80535
755,Employee_755,Marketing,40354
756,Employee_756,Finance,63691
757,Employee_757,Marketing,91552
758,Employee_758,Marketing,48068
759,Employee_759,Finance,44333
760,Employee_760,HR,60041
761,Employee_761,Finance,73604
762,Employee_762,IT,61580
763,Employee_763,HR,32221
764,Employee_764,Sales,46982
765,Employee_765,IT,49509
766,Employee_766,IT,44196
767,Employee_767,IT,52156
768,Employee_768,HR,92584
769,Employee_769,Marketing,71122
770,Employee_770,IT,69071
771,Employee_771,Finance,78913
772,Employee_772,HR,92049
773,Employee_773,Sales,50185
774,Employee_774,Finance,49215
775,Employee_775,Sales,83088
776,Employee_776,Finance,99551
777,Employee_777,Finance,72156
778,Employee_778,Finance,36928
779,Employee_779,Finance,67479
780,Employee_780,IT,87746
781,Employee_781,Finance,94482
782,Employee_782,Sales,92506
783,Employee_783,Finance,45198
784,Employee_784,IT,80433
785,Employee_785,Marketing,99285
786,Employee_786,Marketing,34835
787,Employee_787,HR,58161
788,Employee_788,Marketing,34016
789,Employee_789,IT,41334
790,Employee_790,Sales,36271
791,Employee_791,Marketing,50029
792,Employee_792,Finance,81852
793,Employee_793,IT,44109
794,Employee_794,HR,83379
795,Employee_795,HR,39242
796,Employee_796,Marketing,41241
797,Employee_797,Finance,85672
798,Employee_798,Marketing,88556
799,Employee_799,HR,36714
800,Employee_800,Sales,75401
801,Employee_801,Finance,82265
802,Employee_802,HR,85409
803,Employee_803,Sales,42275
804,Employee_804,HR,62166
805,Employee_805,Marketing,68369
806,Employee_806,HR,70576
807,Employee_807,Marketing,48184
808,Employee_808,Finance,60754
809,Employee_809,HR,36074
810,Employee_810,Sales,31397
811,Employee_811,Marketing,68394
812,Employee_812,Marketing,70951
813,Employee_813,IT,31171
814,Employee_814,Marketing,50089
815,Employee_815,Sales,70368
816,Employee_816,Sales,52066
817,Employee_817,HR,48412
818,Employee_818,HR,68362
819,Employee_819,HR,55400
820,Employee_820,Sales,83815
821,Employee_821,Sales,77401
822,Employee_822,Sales,78868
823,Employee_823,Finance,91513
824,Employee_824,HR,44945
825,Employee_825,Finance,36151
826,Employee_826,HR,43259
827,Employee_827,Sales,33435
828,Employee_828,Sales,80417
829,Employee_829,HR,64478
830,Employee_830,HR,47881
831,Employee_831,IT,43059
832,Employee_832,HR,47065
833,Employee_833,HR,46428
834,Employee_834,Finance,70093
835,Employee_835,Sales,34815
836,Employee_836,IT,57874
837,Employee_837,IT,47070
838,Employee_838,Sales,34460
839,Employee_839,Sales,36651
840,Employee_840,Finance,88505
841,Employee_841,IT,46403
842,Employee_842,Finance,62172
843,Employee_843,Finance,74877
844,Employee_844,Marketing,63877
845,Employee_845,IT,90818
846,Employee_846,HR,97448
847,Employee_847,IT,57927
848,Employee_848,Sales,99318
849,Employee_849,Finance,46980
850,Employee_850,Finance,39818
851,Employee_851,IT,49058
852,Employee_852,Marketing,50465
853,Employee_853,Sales,86587
854,Employee_854,Sales,50372
855,Employee_855,IT,77605
856,Employee_856,Finance,60180
857,Employee_857,Finance,61389
858,Employee_858,Finance,37360
859,Employee_859,HR,48155
860,Employee_860,HR,86005
861,Employee_861,HR,51790
862,Employee_862,Marketing,31333
863,Employee_863,Sales,94523
864,Employee_864,HR,62272
865,Employee_865,Sales,59304
866,Employee_866,IT,40429
867,Employee_867,HR,70566
868,Employee_868,IT,47370
869,Employee_869,HR,83830
870,Employee_870,Marketing,83966
871,Employee_871,HR,83819
872,Employee_872,IT,99355
873,Employee_873,Sales,89929
874,Employee_874,Finance,99264
875,Employee_875,IT,89290
876,Employee_876,Sales,33536
877,Employee_877,IT,43514
878,Employee_878,Finance,57845
879,Employee_879,HR,84953
880,Employee_880,IT,64689
881,Employee_881,Sales,59924
882,Employee_882,Finance,40223
883,Employee_883,HR,32119
884,Employee_884,IT,35787
885,Employee_885,HR,53321
886,Employee_886,Marketing,93941
887,Employee_887,IT,91408
888,Employee_888,HR,69302
889,Employee_889,Marketing,83633
890,Employee_890,IT,43184
891,Employee_891,Marketing,73661
892,Employee_892,Finance,73663
893,Employee_893,Finance,34297
894,Employee_894,Sales,62936
895,Employee_895,Finance,30184
896,Employee_896,HR,75074
897,Employee_897,Finance,55257
898,Employee_898,Finance,66745
899,Employee_899,Sales,31762
900,Employee_900,Sales,39656
901,Employee_901,Sales,32764
902,Employee_902,IT,38470
903,Employee_903,IT,84422
904,Employee_904,Marketing,79468
905,Employee_905,Sales,54267
906,Employee_906,Sales,78132
907,Employee_907,Finance,35836
908,Employee_908,Marketing,40125
909,Employee_909,Sales,72032
910,Employee_910,Marketing,76419
911,Employee_911,IT,44858
912,Employee_912,Marketing,96906
913,Employee_913,Sales,53091
914,Employee_914,HR,43413
915,Employee_915,Finance,57749
916,Employee_916,HR,55098
917,Employee_917,Marketing,49323
918,Employee_918,Marketing,78817
919,Employee_919,Marketing,50792
920,Employee_920,Finance,58872
921,Employee_921,IT,82196
922,Employee_922,IT,53252
923,Employee_923,Marketing,72960
924,Employee_924,Marketing,54088
925,Employee_925,Sales,59584
926,Employee_926,HR,43170
927,Employee_927,IT,48233
928,Employee_928,Finance,40027
929,Employee_929,Finance,56204
930,Employee_930,HR,76653
931,Employee_931,Finance,46461
932,Employee_932,IT,71972
933,Employee_933,HR,48131
934,Employee_934,IT,69320
935,Employee_935,HR,39128
936,Employee_936,HR,63738
937,Employee_937,Marketing,85733
938,Employee_938,HR,34197
939,Employee_939,Sales,77886
940,Employee_940,HR,45992
941,Employee_941,Marketing,54087
942,Employee_942,Marketing,72827
943,Employee_943,Marketing,54644
944,Employee_944,Sales,74716
945,Employee_945,Marketing,44456
946,Employee_946,Finance,96308
947,Employee_947,IT,35105
948,Employee_948,Sales,70714
949,Employee_949,Marketing,67673
950,Employee_950,Marketing,84130
951,Employee_951,Finance,80607
952,Employee_952,Finance,62545
953,Employee_953,IT,50083
954,Employee_954,Sales,98719
955,Employee_955,HR,49053
956,Employee_956,Marketing,69832
957,Employee_957,IT,47611
958,Employee_958,Sales,74857
959,Employee_959,Finance,90494
960,Employee_960,Sales,76963
961,Employee_961,IT,45775
962,Employee_962,IT,35459
963,Employee_963,Sales,89602
964,Employee_964,Finance,48371
965,Employee_965,Marketing,89643
966,Employee_966,HR,61829
967,Employee_967,HR,33321
968,Employee_968,Marketing,66457
969,Employee_969,Finance,50691
970,Employee_970,Sales,62014
971,Employee_971,Finance,98228
972,Employee_972,IT,40461
973,Employee_973,Marketing,49803
974,Employee_974,Finance,96865
975,Employee_975,HR,36033
976,Employee_976,HR,37531
977,Employee_977,Sales,93188
978,Employee_978,HR,97186
979,Employee_979,Finance,46002
980,Employee_980,Sales,54046
981,Employee_981,IT,99957
982,Employee_982,Marketing,60879
983,Employee_983,IT,36410
984,Employee_984,Sales,87518
985,Employee_985,Finance,53324
986,Employee_986,Finance,41915
987,Employee_987,IT,37795
988,Employee_988,HR,43609
989,Employee_989,Sales,66789
990,Employee_990,Finance,30914
991,Employee_991,Sales,74747
992,Employee_992,Finance,98392
993,Employee_993,HR,60457
994,Employee_994,IT,72023
995,Employee_995,Finance,94819
996,Employee_996,Sales,90986
997,Employee_997,Sales,66466
998,Employee_998,IT,47938
999,Employee_999,IT,86796
1000,Employee_1000,Finance,48893
1001,Employee_1001,HR,84597
1002,Employee_1002,Marketing,83909
1003,Employee_1003,IT,70261
1004,Employee_1004,Finance,83112
1005,Employee_1005,Marketing,70159
1006,Employee_1006,IT,36163
1007,Employee_1007,Marketing,75627
1008,Employee_1008,IT,83593
1009,Employee_1009,IT,62747
1010,Employee_1010,HR,93905
1011,Employee_1011,HR,34702
1012,Employee_1012,HR,32383
1013,Employee_1013,Marketing,54885
1014,Employee_1014,Sales,74359
1015,Employee_1015,HR,74080
1016,Employee_1016,HR,33833
1017,Employee_1017,Finance,54253
1018,Employee_1018,HR,62998
1019,Employee_1019,Sales,72388
1020,Employee_1020,Finance,85369
1021,Employee_1021,Marketing,78649
1022,Employee_1022,IT,97423
1023,Employee_1023,Sales,66240
1024,Employee_1024,Finance,92743
1025,Employee_1025,HR,42626
1026,Employee_1026,Finance,71747
1027,Employee_1027,Marketing,45762
1028,Employee_1028,Sales,54835
1029,Employee_1029,Marketing,35183
1030,Employee_1030,IT,66757
1031,Employee_1031,Sales,57707
1032,Employee_1032,HR,44694
1033,Employee_1033,HR,76757
1034,Employee_1034,Finance,92407
1035,Employee_1035,Finance,53907
1036,Employee_1036,Finance,66352
1037,Employee_1037,Marketing,60218
1038,Employee_1038,Finance,62225
1039,Employee_1039,Finance,91030
1040,Employee_1040,IT,58248
1041,Employee_1041,HR,32541
1042,Employee_1042,HR,73600
1043,Employee_1043,Marketing,65056
1044,Employee_1044,IT,73469
1045,Employee_1045,Finance,94652
1046,Employee_1046,HR,63199
1047,Employee_1047,IT,39548
1048,Employee_1048,HR,86259
1049,Employee_1049,Marketing,91500
1050,Employee_1050,Sales,59982
1051,Employee_1051,Finance,64576
1052,Employee_1052,HR,86873
1053,Employee_1053,Marketing,86372
1054,Employee_1054,HR,33057
1055,Employee_1055,HR,83739
1056,Employee_1056,IT,31048
1057,Employee_1057,Finance,66572
1058,Employee_1058,Sales,70799
1059,Employee_1059,HR,97355
1060,Employee_1060,Marketing,92134
1061,Employee_1061,Marketing,94379
1062,Employee_1062,Marketing,98123
1063,Employee_1063,HR,71378
1064,Employee_1064,IT,99836
1065,Employee_1065,HR,89478
1066,Employee_1066,IT,36996
1067,Employee_1067,Finance,53506
1068,Employee_1068,IT,57770
1069,Employee_1069,Marketing,47010
1070,Employee_1070,Marketing,35733
1071,Employee_1071,Finance,31497
1072,Employee_1072,HR,68001
1073,Employee_1073,Sales,58772
1074,Employee_1074,HR,33646
1075,Employee_1075,Marketing,86691
1076,Employee_1076,Finance,31363
1077,Employee_1077,Marketing,96763
1078,Employee_1078,Marketing,89433
1079,Employee_1079,HR,47182
1080,Employee_1080,HR,93046
1081,Employee_1081,Finance,94773
1082,Employee_1082,Sales,75496
1083,Employee_1083,Marketing,71846
1084,Employee_1084,HR,61203
1085,Employee_1085,Finance,65959
1086,Employee_1086,Marketing,81898
1087,Employee_1087,Sales,59474
1088,Employee_1088,Sales,75708
1089,Employee_1089,IT,72800
1090,Employee_1090,Marketing,72689
1091,Employee_1091,IT,84302
1092,Employee_1092,HR,32984
1093,Employee_1093,IT,31524
1094,Employee_1094,Finance,82600
1095,Employee_1095,Finance,43118
1096,Employee_1096,IT,76210
1097,Employee_1097,IT,85182
1098,Employee_1098,Sales,53174
1099,Employee_1099,Marketing,33094
1100,Employee_1100,Marketing,35750
1101,Employee_1101,HR,79698
1102,Employee_1102,IT,49649
1103,Employee_1103,Marketing,64727
1104,Employee_1104,Finance,71199
1105,Employee_1105,HR,42906
1106,Employee_1106,HR,84804
1107,Employee_1107,Finance,88021
1108,Employee_1108,Sales,92502
1109,Employee_1109,Finance,84361
1110,Employee_1110,Marketing,81569
1111,Employee_1111,Marketing,81852
1112,Employee_1112,IT,58590
1113,Employee_1113,Marketing,32465
1114,Employee_1114,IT,46589
1115,Employee_1115,Sales,68321
1116,Employee_1116,Finance,73296
1117,Employee_1117,IT,97329
1118,Employee_1118,HR,41484
1119,Employee_1119,Marketing,96187
1120,Employee_1120,Sales,33350
1121,Employee_1121,Sales,63790
1122,Employee_1122,Finance,99336
1123,Employee_1123,HR,87106
1124,Employee_1124,HR,60780
1125,Employee_1125,HR,46387
1126,Employee_1126,Sales,58830
1127,Employee_1127,Marketing,60454
1128,Employee_1128,Marketing,51393
1129,Employee_1129,Marketing,96796
1130,Employee_1130,Finance,70203
1131,Employee_1131,Finance,64691
1132,Employee_1132,HR,70425
1133,Employee_1133,IT,83845
1134,Employee_1134,Sales,69587
1135,Employee_1135,Marketing,75501
1136,Employee_1136,IT,30428
1137,Employee_1137,Marketing,49829
1138,Employee_1138,HR,53110
1139,Employee_1139,IT,90751
1140,Employee_1140,Sales,81959
1141,Employee_1141,Finance,75160
1142,Employee_1142,Finance,70145
1143,Employee_1143,Finance,48682
1144,Employee_1144,Finance,52710
1145,Employee_1145,Sales,87127
1146,Employee_1146,Marketing,73945
1147,Employee_1147,IT,86952
1148,Employee_1148,Marketing,84106
1149,Employee_1149,Sales,68618
1150,Employee_1150,IT,42030
1151,Employee_1151,Marketing,73248
1152,Employee_1152,Marketing,76357
1153,Employee_1153,Finance,40337
1154,Employee_1154,Sales,31917
1155,Employee_1155,HR,66435
1156,Employee_1156,HR,54710
1157,Employee_1157,HR,41750
1158,Employee_1158,Sales,58307
1159,Employee_1159,Marketing,48322
1160,Employee_1160,HR,97858
1161,Employee_1161,Finance,59629
1162,Employee_1162,Marketing,66060
1163,Employee_1163,Sales,55641
1164,Employee_1164,Sales,34132
1165,Employee_1165,Sales,64124
1166,Employee_1166,HR,74406
1167,Employee_1167,Sales,85149
1168,Employee_1168,Sales,95294
1169,Employee_1169,IT,48183
1170,Employee_1170,Finance,57933
1171,Employee_1171,Sales,41964
1172,Employee_1172,IT,79831
1173,Employee_1173,Finance,42453
1174,Employee_1174,Sales,44483
1175,Employee_1175,HR,78331
1176,Employee_1176,HR,35471
1177,Employee_1177,IT,50072
1178,Employee_1178,Finance,74813
1179,Employee_1179,Marketing,43976
1180,Employee_1180,HR,53165
1181,Employee_1181,Finance,75054
1182,Employee_1182,IT,66221
1183,Employee_1183,HR,34256
1184,Employee_1184,Finance,96781
1185,Employee_1185,HR,93609
1186,Employee_1186,Sales,70739
1187,Employee_1187,Sales,44175
1188,Employee_1188,IT,32502
1189,Employee_1189,Marketing,36084
1190,Employee_1190,HR,84092
1191,Employee_1191,Finance,69211
1192,Employee_1192,Sales,39972
1193,Employee_1193,Finance,40743
1194,Employee_1194,HR,89477
1195,Employee_1195,Finance,42064
1196,Employee_1196,IT,51890
1197,Employee_1197,Sales,61306
1198,Employee_1198,HR,67026
1199,Employee_1199,Sales,55227
1200,Employee_1200,Sales,32208
1201,Employee_1201,Marketing,32391
1202,Employee_1202,Marketing,47448
1203,Employee_1203,Marketing,79155
1204,Employee_1204,Marketing,49995
1205,Employee_1205,HR,93422
1206,Employee_1206,Marketing,85062
1207,Employee_1207,Finance,74217
1208,Employee_1208,Sales,76575
1209,Employee_1209,HR,61273
1210,Employee_1210,IT,37848
1211,Employee_1211,IT,48707
1212,Employee_1212,Marketing,95418
1213,Employee_1213,Sales,80464
1214,Employee_1214,HR,30027
1215,Employee_1215,Sales,59775
1216,Employee_1216,Sales,78066
1217,Employee_1217,Finance,96335
1218,Employee_1218,Sales,35476
1219,Employee_1219,Marketing,99883
1220,Employee_1220,Sales,50397
1221,Employee_1221,Finance,94354
1222,Employee_1222,Marketing,58814
1223,Employee_1223,IT,51942
1224,Employee_1224,Marketing,88804
1225,Employee_1225,Finance,31381
1226,Employee_1226,IT,30350
1227,Employee_1227,HR,93812
1228,Employee_1228,Marketing,92382
1229,Employee_1229,HR,76880
1230,Employee_1230,Marketing,52758
1231,Employee_1231,Sales,53769
1232,Employee_1232,HR,90631
1233,Employee_1233,HR,72800
1234,Employee_1234,IT,46128
1235,Employee_1235,HR,41813
1236,Employee_1236,HR,49274
1237,Employee_1237,Sales,76406
1238,Employee_1238,Sales,87035
1239,Employee_1239,Marketing,48273
1240,Employee_1240,HR,98545
1241,Employee_1241,Marketing,74607
1242,Employee_1242,IT,36422
1243,Employee_1243,HR,73040
1244,Employee_1244,Finance,97022
1245,Employee_1245,Marketing,72557
1246,Employee_1246,HR,33270
1247,Employee_1247,Sales,77503
1248,Employee_1248,HR,49115
1249,Employee_1249,HR,80104
1250,Employee_1250,IT,78660
1251,Employee_1251,Sales,53492
1252,Employee_1252,Marketing,85019
1253,Employee_1253,HR,64725
1254,Employee_1254,IT,55474
1255,Employee_1255,IT,54568
1256,Employee_1256,Sales,74969
1257,Employee_1257,Marketing,66867
1258,Employee_1258,IT,85994
1259,Employee_1259,HR,38682
1260,Employee_1260,IT,55124
1261,Employee_1261,Marketing,62347
1262,Employee_1262,HR,53320
1263,Employee_1263,HR,77009
1264,Employee_1264,Marketing,83283
1265,Employee_1265,Marketing,46318
1266,Employee_1266,Marketing,39661
1267,Employee_1267,IT,94277
1268,Employee_1268,IT,69435
1269,Employee_1269,IT,96549
1270,Employee_1270,IT,61510
1271,Employee_1271,Finance,70263
1272,Employee_1272,Sales,67935
1273,Employee_1273,Finance,37307
1274,Employee_1274,HR,48982
1275,Employee_1275,Finance,44607
1276,Employee_1276,IT,35652
1277,Employee_1277,Finance,54850
1278,Employee_1278,Marketing,66451
1279,Employee_1279,Finance,32870
1280,Employee_1280,Marketing,90970
1281,Employee_1281,IT,64190
1282,Employee_1282,HR,95637
1283,Employee_1283,Marketing,51619
1284,Employee_1284,Finance,54458
1285,Employee_1285,Marketing,52708
1286,Employee_1286,IT,39649
1287,Employee_1287,Sales,59248
1288,Employee_1288,IT,96575
1289,Employee_1289,IT,87846
1290,Employee_1290,Marketing,54662
1291,Employee_1291,Finance,97483
1292,Employee_1292,Marketing,96161
1293,Employee_1293,HR,50437
1294,Employee_1294,HR,73697
1295,Employee_1295,Sales,95491
1296,Employee_1296,Finance,93579
1297,Employee_1297,HR,67491
1298,Employee_1298,HR,63287
1299,Employee_1299,HR,78457
1300,Employee_1300,HR,96570
1301,Employee_1301,Marketing,67246
1302,Employee_1302,IT,36979
1303,Employee_1303,Marketing,50171
1304,Employee_1304,IT,85202
1305,Employee_1305,IT,76484
1306,Employee_1306,IT,63399
1307,Employee_1307,IT,98914
1308,Employee_1308,Sales,33000
1309,Employee_1309,Sales,76938
1310,Employee_1310,IT,43413
1311,Employee_1311,HR,75202
1312,Employee_1312,Finance,70400
1313,Employee_1313,Marketing,79968
1314,Employee_1314,HR,71070
1315,Employee_1315,Finance,67394
1316,Employee_1316,HR,98121
1317,Employee_1317,Finance,39137
1318,Employee_1318,Marketing,89238
1319,Employee_1319,Finance,54196
1320,Employee_1320,IT,39512
1321,Employee_1321,HR,36667
1322,Employee_1322,Marketing,91584
1323,Employee_1323,Marketing,63968
1324,Employee_1324,HR,35384
1325,Employee_1325,HR,77367
1326,Employee_1326,IT,41276
1327,Employee_1327,Finance,53389
1328,Employee_1328,Finance,45288
1329,Employee_1329,HR,91896
1330,Employee_1330,Finance,83165
1331,Employee_1331,HR,95859
1332,Employee_1332,Sales,37610
1333,Employee_1333,HR,97324
1334,Employee_1334,Marketing,72241
1335,Employee_1335,Marketing,98884
1336,Employee_1336,Finance,77330
1337,Employee_1337,Marketing,51771
1338,Employee_1338,HR,45820
1339,Employee_1339,Sales,60565
1340,Employee_1340,Sales,59763
1341,Employee_1341,Finance,38924
1342,Employee_1342,Sales,81365
1343,Employee_1343,IT,46725
1344,Employee_1344,IT,48958
1345,Employee_1345,HR,31156
1346,Employee_1346,Marketing,97511
1347,Employee_1347,Sales,69944
1348,Employee_1348,HR,96143
1349,Employee_1349,IT,78510
1350,Employee_1350,Finance,43520
1351,Employee_1351,Finance,99290
1352,Employee_1352,IT,90650
1353,Employee_1353,IT,33119
1354,Employee_1354,Marketing,75930
1355,Employee_1355,Sales,85240
1356,Employee_1356,HR,81358
1357,Employee_1357,Finance,69658
1358,Employee_1358,Sales,84543
1359,Employee_1359,Marketing,42758
1360,Employee_1360,Finance,77350
1361,Employee_1361,IT,89959
1362,Employee_1362,IT,49766
1363,Employee_1363,Marketing,56450
1364,Employee_1364,Finance,30997
1365,Employee_1365,Finance,89725
1366,Employee_1366,Marketing,94948
1367,Employee_1367,HR,89661
1368,Employee_1368,Finance,89664
1369,Employee_1369,Sales,94869
1370,Employee_1370,Marketing,62817
1371,Employee_1371,Marketing,92713
1372,Employee_1372,Sales,69512
1373,Employee_1373,Marketing,58916
1374,Employee_1374,Marketing,66893
1375,Employee_1375,Sales,63931
1376,Employee_1376,HR,87905
1377,Employee_1377,Finance,59400
1378,Employee_1378,Marketing,30562
1379,Employee_1379,IT,93740
1380,Employee_1380,IT,35149
1381,Employee_1381,Marketing,66031
1382,Employee_1382,HR,35844
1383,Employee_1383,Marketing,37392
1384,Employee_1384,HR,44685
1385,Employee_1385,Sales,94304
1386,Employee_1386,IT,72226
1387,Employee_1387,IT,86865
1388,Employee_1388,Marketing,50962
1389,Employee_1389,Marketing,36194
1390,Employee_1390,Finance,60243
1391,Employee_1391,HR,83062
1392,Employee_1392,Finance,77858
1393,Employee_1393,Sales,85441
1394,Employee_1394,Marketing,41230
1395,Employee_1395,Marketing,77832
1396,Employee_1396,HR,33692
1397,Employee_1397,IT,91662
1398,Employee_1398,Finance,33125
1399,Employee_1399,Marketing,79240
1400,Employee_1400,Marketing,48996
1401,Employee_1401,Finance,93934
1402,Employee_1402,HR,46147
1403,Employee_1403,Finance,90795
1404,Employee_1404,Finance,87365
1405,Employee_1405,Sales,49875
1406,Employee_1406,IT,55417
1407,Employee_1407,Finance,55016
1408,Employee_1408,Marketing,60350
1409,Employee_1409,HR,67100
1410,Employee_1410,Marketing,45692
1411,Employee_1411,HR,92731
1412,Employee_1412,HR,82238
1413,Employee_1413,IT,93774
1414,Employee_1414,Marketing,61370
1415,Employee_1415,Marketing,37623
1416,Employee_1416,Finance,33612
1417,Employee_1417,Finance,79131
1418,Employee_1418,Finance,94838
1419,Employee_1419,Marketing,88141
1420,Employee_1420,Finance,77361
1421,Employee_1421,HR,54834
1422,Employee_1422,Finance,55353
1423,Employee_1423,Finance,39746
1424,Employee_1424,Marketing,79938
1425,Employee_1425,Sales,33628
1426,Employee_1426,Finance,86602
1427,Employee_1427,Sales,51424
1428,Employee_1428,HR,32077
1429,Employee_1429,Sales,38190
1430,Employee_1430,HR,78706
1431,Employee_1431,Finance,47374
1432,Employee_1432,Marketing,66920
1433,Employee_1433,Sales,52911
1434,Employee_1434,Marketing,93950
1435,Employee_1435,Marketing,60192
1436,Employee_1436,Marketing,75882
1437,Employee_1437,Sales,60816
1438,Employee_1438,IT,57561
1439,Employee_1439,Marketing,72340
1440,Employee_1440,Marketing,82356
1441,Employee_1441,Finance,71432
1442,Employee_1442,Finance,77099
1443,Employee_1443,IT,59867
1444,Employee_1444,HR,38252
1445,Employee_1445,Marketing,99161
1446,Employee_1446,Finance,56875
1447,Employee_1447,HR,55034
1448,Employee_1448,Finance,41670
1449,Employee_1449,HR,63067
1450,Employee_1450,Finance,72544
1451,Employee_1451,IT,49484
1452,Employee_1452,Finance,56738
1453,Employee_1453,Marketing,82472
1454,Employee_1454,Finance,91450
1455,Employee_1455,Marketing,59460
1456,Employee_1456,Finance,74593
1457,Employee_1457,Finance,78240
1458,Employee_1458,HR,61187
1459,Employee_1459,Marketing,72467
1460,Employee_1460,Finance,73483
1461,Employee_1461,IT,35656
1462,Employee_1462,Sales,44937
1463,Employee_1463,Marketing,69368
1464,Employee_1464,HR,61834
1465,Employee_1465,Finance,34547
1466,Employee_1466,Finance,74803
1467,Employee_1467,HR,54089
1468,Employee_1468,Marketing,42995
1469,Employee_1469,HR,91618
1470,Employee_1470,Sales,86753
1471,Employee_1471,HR,90421
1472,Employee_1472,IT,58789
1473,Employee_1473,Sales,98950
1474,Employee_1474,HR,50282
1475,Employee_1475,HR,32213
1476,Employee_1476,IT,95195
1477,Employee_1477,IT,88940
1478,Employee_1478,Finance,67942
1479,Employee_1479,Finance,75131
1480,Employee_1480,IT,69835
1481,Employee_1481,IT,34219
1482,Employee_1482,IT,30847
1483,Employee_1483,Finance,39835
1484,Employee_1484,Finance,72814
1485,Employee_1485,Sales,58512
1486,Employee_1486,HR,69692
1487,Employee_1487,Sales,48957
1488,Employee_1488,Marketing,58235
1489,Employee_1489,HR,71771
1490,Employee_1490,HR,56740
1491,Employee_1491,HR,60226
1492,Employee_1492,Sales,42603
1493,Employee_1493,Marketing,66792
1494,Employee_1494,Sales,86385
1495,Employee_1495,Sales,40531
1496,Employee_1496,IT,90140
1497,Employee_1497,Sales,58789
1498,Employee_1498,Marketing,79143
1499,Employee_1499,HR,54768
1500,Employee_1500,Sales,36003
1501,Employee_1501,Sales,70705
1502,Employee_1502,Finance,49893
1503,Employee_1503,Marketing,62293
1504,Employee_1504,HR,78127
1505,Employee_1505,IT,41711
1506,Employee_1506,Sales,71910
1507,Employee_1507,Marketing,77050
1508,Employee_1508,HR,47203
1509,Employee_1509,IT,86451
1510,Employee_1510,HR,99934
1511,Employee_1511,HR,56371
1512,Employee_1512,HR,48758
1513,Employee_1513,Finance,70301
1514,Employee_1514,Finance,93558
1515,Employee_1515,Marketing,48643
1516,Employee_1516,HR,60176
1517,Employee_1517,HR,41399
1518,Employee_1518,Finance,43757
1519,Employee_1519,Finance,49748
1520,Employee_1520,Marketing,58496
1521,Employee_1521,HR,30891
1522,Employee_1522,Sales,49912
1523,Employee_1523,HR,37716
1524,Employee_1524,Sales,43880
1525,Employee_1525,Sales,43160
1526,Employee_1526,Sales,54711
1527,Employee_1527,IT,49612
1528,Employee_1528,Marketing,76113
1529,Employee_1529,Marketing,45435
1530,Employee_1530,IT,37530
1531,Employee_1531,IT,33106
1532,Employee_1532,Sales,62098
1533,Employee_1533,Marketing,82637
1534,Employee_1534,Finance,93647
1535,Employee_1535,HR,34767
1536,Employee_1536,IT,97155
1537,Employee_1537,HR,96687
1538,Employee_1538,Sales,70257
1539,Employee_1539,Marketing,88791
1540,Employee_1540,Marketing,97310
1541,Employee_1541,Finance,65707
1542,Employee_1542,Sales,49602
1543,Employee_1543,HR,55310
1544,Employee_1544,HR,55221
1545,Employee_1545,Sales,46069
1546,Employee_1546,IT,47828
1547,Employee_1547,HR,65921
1548,Employee_1548,Marketing,69145
1549,Employee_1549,HR,38985
1550,Employee_1550,Sales,66035
1551,Employee_1551,Marketing,49266
1552,Employee_1552,Marketing,79196
1553,Employee_1553,Finance,65062
1554,Employee_1554,Marketing,41406
1555,Employee_1555,Marketing,89000
1556,Employee_1556,HR,90536
1557,Employee_1557,Marketing,47366
1558,Employee_1558,Finance,85782
1559,Employee_1559,Marketing,99652
1560,Employee_1560,Finance,88026
1561,Employee_1561,HR,77470
1562,Employee_1562,Finance,89900
1563,Employee_1563,Sales,91914
1564,Employee_1564,IT,43904
1565,Employee_1565,Sales,36988
1566,Employee_1566,Sales,80354
1567,Employee_1567,Marketing,95671
1568,Employee_1568,Finance,64763
1569,Employee_1569,Sales,86857
1570,Employee_1570,Sales,52429
1571,Employee_1571,Marketing,81840
1572,Employee_1572,IT,62194
1573,Employee_1573,HR,56217
1574,Employee_1574,HR,64572
1575,Employee_1575,Finance,71608
1576,Employee_1576,Marketing,92409
1577,Employee_1577,IT,66991
1578,Employee_1578,Sales,93057
1579,Employee_1579,Marketing,87032
1580,Employee_1580,HR,43655
1581,Employee_1581,IT,48039
1582,Employee_1582,Sales,88525
1583,Employee_1583,IT,72393
1584,Employee_1584,IT,67816
1585,Employee_1585,Finance,38673
1586,Employee_1586,Marketing,72217
1587,Employee_1587,Sales,82258
1588,Employee_1588,Sales,96161
1589,Employee_1589,Finance,93398
1590,Employee_1590,Sales,36985
1591,Employee_1591,HR,49268
1592,Employee_1592,Finance,45596
1593,Employee_1593,Marketing,33775
1594,Employee_1594,Marketing,84722
1595,Employee_1595,Finance,77698
1596,Employee_1596,Marketing,58802
1597,Employee_1597,Sales,88532
1598,Employee_1598,Sales,54512
1599,Employee_1599,Sales,36269
1600,Employee_1600,Sales,55960
1601,Employee_1601,HR,59092
1602,Employee_1602,HR,99634
1603,Employee_1603,HR,80944
1604,Employee_1604,IT,93929
1605,Employee_1605,Marketing,51491
1606,Employee_1606,IT,58224
1607,Employee_1607,IT,43123
1608,Employee_1608,IT,89607
1609,Employee_1609,Marketing,41355
1610,Employee_1610,Finance,99499
1611,Employee_1611,IT,90655
1612,Employee_1612,IT,54675
1613,Employee_1613,Finance,37498
1614,Employee_1614,IT,84459
1615,Employee_1615,IT,56265
1616,Employee_1616,HR,42970
1617,Employee_1617,Sales,86353
1618,Employee_1618,HR,50403
1619,Employee_1619,Sales,90625
1620,Employee_1620,Marketing,53568
1621,Employee_1621,Finance,69731
1622,Employee_1622,Finance,76933
1623,Employee_1623,Finance,62818
1624,Employee_1624,Marketing,50312
1625,Employee_1625,Marketing,58456
1626,Employee_1626,IT,40174
1627,Employee_1627,IT,68821
1628,Employee_1628,Sales,77219
1629,Employee_1629,Finance,48246
1630,Employee_1630,Marketing,77364
1631,Employee_1631,Finance,31983
1632,Employee_1632,Sales,36663
1633,Employee_1633,HR,52338
1634,Employee_1634,Marketing,66766
1635,Employee_1635,IT,48595
1636,Employee_1636,Finance,53491
1637,Employee_1637,Sales,78746
1638,Employee_1638,Sales,44927
1639,Employee_1639,IT,32680
1640,Employee_1640,Finance,40997
1641,Employee_1641,HR,99382
1642,Employee_1642,Sales,88111
1643,Employee_1643,Sales,56493
1644,Employee_1644,Marketing,60158
1645,Employee_1645,Sales,41766
1646,Employee_1646,Marketing,98484
1647,Employee_1647,HR,58514
1648,Employee_1648,HR,93373
1649,Employee_1649,Marketing,70837
1650,Employee_1650,Finance,90464
1651,Employee_1651,Finance,83832
1652,Employee_1652,HR,41865
1653,Employee_1653,Finance,59576
1654,Employee_1654,IT,66433
1655,Employee_1655,Sales,50263
1656,Employee_1656,IT,30366
1657,Employee_1657,IT,61045
1658,Employee_1658,Sales,42891
1659,Employee_1659,Finance,36065
1660,Employee_1660,Finance,52468
1661,Employee_1661,Sales,39387
1662,Employee_1662,Marketing,53790
1663,Employee_1663,Finance,76241
1664,Employee_1664,Finance,92873
1665,Employee_1665,Sales,57492
1666,Employee_1666,Marketing,30469
1667,Employee_1667,Finance,84606
1668,Employee_1668,Marketing,64206
1669,Employee_1669,IT,71979
1670,Employee_1670,HR,79151
1671,Employee_1671,Marketing,69661
1672,Employee_1672,Finance,49681
1673,Employee_1673,Marketing,93379
1674,Employee_1674,Marketing,56931
1675,Employee_1675,IT,44011
1676,Employee_1676,IT,90908
1677,Employee_1677,IT,95392
1678,Employee_1678,Sales,41577
1679,Employee_1679,Marketing,42361
1680,Employee_1680,IT,45041
1681,Employee_1681,HR,40534
1682,Employee_1682,Sales,86970
1683,Employee_1683,IT,93827
1684,Employee_1684,HR,81309
1685,Employee_1685,Sales,89638
1686,Employee_1686,HR,62997
1687,Employee_1687,Finance,37192
1688,Employee_1688,Marketing,66448
1689,Employee_1689,Marketing,55916
1690,Employee_1690,Sales,63830
1691,Employee_1691,IT,61380
1692,Employee_1692,HR,71266
1693,Employee_1693,HR,88810
1694,Employee_1694,Marketing,56945
1695,Employee_1695,Sales,86755
1696,Employee_1696,Marketing,56091
1697,Employee_1697,Marketing,51685
1698,Employee_1698,Sales,79493
1699,Employee_1699,Marketing,81619
1700,Employee_1700,Finance,75239
1701,Employee_1701,HR,95078
1702,Employee_1702,IT,86946
1703,Employee_1703,Marketing,63561
1704,Employee_1704,IT,48743
1705,Employee_1705,Marketing,84136
1706,Employee_1706,IT,85675
1707,Employee_1707,Sales,43571
1708,Employee_1708,Sales,82698
1709,Employee_1709,IT,78353
1710,Employee_1710,Marketing,84424
1711,Employee_1711,Marketing,38342
1712,Employee_1712,Finance,81835
1713,Employee_1713,Finance,80614
1714,Employee_1714,HR,98194
1715,Employee_1715,HR,51211
1716,Employee_1716,Finance,71558
1717,Employee_1717,HR,74286
1718,Employee_1718,IT,80784
1719,Employee_1719,Sales,71691
1720,Employee_1720,HR,34719
1721,Employee_1721,Marketing,86557
1722,Employee_1722,Sales,39493
1723,Employee_1723,Finance,48303
1724,Employee_1724,HR,40646
1725,Employee_1725,IT,77352
1726,Employee_1726,Marketing,90109
1727,Employee_1727,Finance,73863
1728,Employee_1728,Finance,78584
1729,Employee_1729,HR,83056
1730,Employee_1730,IT,55196
1731,Employee_1731,Sales,85239
1732,Employee_1732,HR,65603
1733,Employee_1733,Finance,56808
1734,Employee_1734,Finance,68631
1735,Employee_1735,IT,96598
1736,Employee_1736,Sales,43937
1737,Employee_1737,Finance,65243
1738,Employee_1738,Sales,33601
1739,Employee_1739,IT,96143
1740,Employee_1740,IT,71225
1741,Employee_1741,HR,74884
1742,Employee_1742,Finance,39141
1743,Employee_1743,HR,96867
1744,Employee_1744,HR,59305
1745,Employee_1745,Sales,84021
1746,Employee_1746,Sales,86897
1747,Employee_1747,Finance,35682
1748,Employee_1748,Marketing,72233
1749,Employee_1749,IT,34891
1750,Employee_1750,Marketing,46532
1751,Employee_1751,HR,53376
1752,Employee_1752,IT,66155
1753,Employee_1753,Marketing,95537
1754,Employee_1754,Finance,39617
1755,Employee_1755,Finance,87688
1756,Employee_1756,Marketing,59721
1757,Employee_1757,Marketing,84514
1758,Employee_1758,Finance,40044
1759,Employee_1759,Finance,76315
1760,Employee_1760,IT,87437
1761,Employee_1761,IT,69588
1762,Employee_1762,IT,92765
1763,Employee_1763,HR,77315
1764,Employee_1764,Marketing,96387
1765,Employee_1765,Sales,35075
1766,Employee_1766,HR,81250
1767,Employee_1767,Finance,67405
1768,Employee_1768,Finance,69267
1769,Employee_1769,IT,39301
1770,Employee_1770,Sales,68953
1771,Employee_1771,Marketing,68308
1772,Employee_1772,HR,62647
1773,Employee_1773,IT,67665
1774,Employee_1774,HR,42861
1775,Employee_1775,IT,34983
1776,Employee_1776,HR,47754
1777,Employee_1777,IT,59630
1778,Employee_1778,HR,67867
1779,Employee_1779,Marketing,31411
1780,Employee_1780,Finance,46153
1781,Employee_1781,HR,79147
1782,Employee_1782,Sales,69145
1783,Employee_1783,Marketing,33755
1784,Employee_1784,IT,48453
1785,Employee_1785,HR,60138
1786,Employee_1786,Marketing,87160
1787,Employee_1787,HR,36326
1788,Employee_1788,IT,46471
1789,Employee_1789,Marketing,92936
1790,Employee_1790,IT,40176
1791,Employee_1791,HR,62200
1792,Employee_1792,IT,40817
1793,Employee_1793,Sales,99314
1794,Employee_1794,Marketing,32930
1795,Employee_1795,HR,71053
1796,Employee_1796,Sales,60398
1797,Employee_1797,HR,41094
1798,Employee_1798,Marketing,98054
1799,Employee_1799,HR,49357
1800,Employee_1800,Marketing,85489
1801,Employee_1801,HR,78396
1802,Employee_1802,Finance,36496
1803,Employee_1803,Finance,82498
1804,Employee_1804,Sales,88042
1805,Employee_1805,IT,61117
1806,Employee_1806,Sales,85034
1807,Employee_1807,HR,91387
1808,Employee_1808,Finance,37507
1809,Employee_1809,Finance,62024
1810,Employee_1810,IT,80249
1811,Employee_1811,Marketing,97463
1812,Employee_1812,Finance,44924
1813,Employee_1813,Marketing,67062
1814,Employee_1814,Sales,30772
1815,Employee_1815,Finance,86334
1816,Employee_1816,Marketing,54048
1817,Employee_1817,Sales,78782
1818,Employee_1818,Sales,88731
1819,Employee_1819,Marketing,57092
1820,Employee_1820,IT,99448
1821,Employee_1821,Finance,64613
1822,Employee_1822,Marketing,54030
1823,Employee_1823,Marketing,59627
1824,Employee_1824,Sales,90503
1825,Employee_1825,HR,48555
1826,Employee_1826,Sales,80593
1827,Employee_1827,Marketing,30818
1828,Employee_1828,Sales,57301
1829,Employee_1829,HR,91319
1830,Employee_1830,Sales,55130
1831,Employee_1831,IT,92985
1832,Employee_1832,Sales,56114
1833,Employee_1833,IT,68369
1834,Employee_1834,IT,33320
1835,Employee_1835,IT,78211
1836,Employee_1836,Sales,77645
1837,Employee_1837,Sales,45058
1838,Employee_1838,IT,67115
1839,Employee_1839,Marketing,30392
1840,Employee_1840,Finance,72381
1841,Employee_1841,IT,97047
1842,Employee_1842,Finance,72419
1843,Employee_1843,Marketing,99446
1844,Employee_1844,IT,65187
1845,Employee_1845,Sales,83110
1846,Employee_1846,Sales,97719
1847,Employee_1847,HR,80367
1848,Employee_1848,HR,30974
1849,Employee_1849,Sales,57446
1850,Employee_1850,HR,60214
1851,Employee_1851,Marketing,59630
1852,Employee_1852,Finance,34877
1853,Employee_1853,Marketing,82961
1854,Employee_1854,Sales,45519
1855,Employee_1855,Finance,89212
1856,Employee_1856,HR,58535
1857,Employee_1857,IT,78674
1858,Employee_1858,Finance,81615
1859,Employee_1859,Sales,46153
1860,Employee_1860,Finance,30566
1861,Employee_1861,Marketing,98142
1862,Employee_1862,Finance,89867
1863,Employee_1863,Sales,36499
1864,Employee_1864,Marketing,83211
1865,Employee_1865,Sales,71373
1866,Employee_1866,Sales,48282
1867,Employee_1867,Marketing,87080
1868,Employee_1868,Marketing,33680
1869,Employee_1869,IT,92465
1870,Employee_1870,Sales,48236
1871,Employee_1871,HR,90238
1872,Employee_1872,Marketing,99578
1873,Employee_1873,Finance,35429
1874,Employee_1874,Sales,49478
1875,Employee_1875,Sales,54629
1876,Employee_1876,Sales,90266
1877,Employee_1877,Marketing,69077
1878,Employee_1878,IT,92436
1879,Employee_1879,HR,89381
1880,Employee_1880,Finance,52799
1881,Employee_1881,Finance,40971
1882,Employee_1882,Sales,93633
1883,Employee_1883,Finance,94968
1884,Employee_1884,Marketing,48917
1885,Employee_1885,Sales,39426
1886,Employee_1886,Marketing,79107
1887,Employee_1887,IT,66501
1888,Employee_1888,Finance,84248
1889,Employee_1889,IT,74451
1890,Employee_1890,Finance,71529
1891,Employee_1891,Marketing,66931
1892,Employee_1892,Finance,73896
1893,Employee_1893,IT,45893
1894,Employee_1894,Finance,80692
1895,Employee_1895,IT,84567
1896,Employee_1896,Finance,94996
1897,Employee_1897,HR,33083
1898,Employee_1898,Marketing,94880
1899,Employee_1899,Sales,89368
1900,Employee_1900,Marketing,35904
1901,Employee_1901,Marketing,51623
1902,Employee_1902,IT,68068
1903,Employee_1903,IT,68721
1904,Employee_1904,Finance,43615
1905,Employee_1905,Marketing,59056
1906,Employee_1906,Sales,64381
1907,Employee_1907,HR,87408
1908,Employee_1908,Finance,50921
1909,Employee_1909,IT,38435
1910,Employee_1910,Finance,42954
1911,Employee_1911,Sales,57821
1912,Employee_1912,IT,41801
1913,Employee_1913,Marketing,34725
1914,Employee_1914,Sales,41994
1915,Employee_1915,IT,89105
1916,Employee_1916,Sales,67277
1917,Employee_1917,Sales,31734
1918,Employee_1918,Sales,73362
1919,Employee_1919,Finance,56265
1920,Employee_1920,HR,52428
1921,Employee_1921,Marketing,83888
1922,Employee_1922,Finance,96143
1923,Employee_1923,Sales,50489
1924,Employee_1924,Sales,45313
1925,Employee_1925,HR,54065
1926,Employee_1926,Sales,51842
1927,Employee_1927,IT,30241
1928,Employee_1928,Sales,48218
1929,Employee_1929,Sales,55338
1930,Employee_1930,HR,75002
1931,Employee_1931,Sales,87255
1932,Employee_1932,IT,44339
1933,Employee_1933,HR,59893
1934,Employee_1934,Marketing,78779
1935,Employee_1935,IT,97791
1936,Employee_1936,Marketing,60838
1937,Employee_1937,HR,66735
1938,Employee_1938,Sales,81457
1939,Employee_1939,Marketing,66405
1940,Employee_1940,Sales,93277
1941,Employee_1941,Finance,95016
1942,Employee_1942,HR,65795
1943,Employee_1943,Sales,80518
1944,Employee_1944,Sales,71308
1945,Employee_1945,Sales,93813
1946,Employee_1946,Marketing,64398
1947,Employee_1947,Finance,59100
1948,Employee_1948,Marketing,68782
1949,Employee_1949,Finance,85179
1950,Employee_1950,IT,95268
1951,Employee_1951,Finance,37239
1952,Employee_1952,Sales,96019
1953,Employee_1953,Sales,76938
1954,Employee_1954,Sales,53539
1955,Employee_1955,Marketing,79516
1956,Employee_1956,Finance,79030
1957,Employee_1957,Sales,90918
1958,Employee_1958,Finance,87575
1959,Employee_1959,HR,30063
1960,Employee_1960,IT,53385
1961,Employee_1961,Finance,88575
1962,Employee_1962,Finance,88536
1963,Employee_1963,IT,34658
1964,Employee_1964,HR,62319
1965,Employee_1965,Finance,69188
1966,Employee_1966,Marketing,90176
1967,Employee_1967,Finance,67033
1968,Employee_1968,Sales,66042
1969,Employee_1969,Marketing,67913
1970,Employee_1970,Sales,74789
1971,Employee_1971,Sales,98938
1972,Employee_1972,Sales,76211
1973,Employee_1973,HR,92566
1974,Employee_1974,Sales,39670
1975,Employee_1975,IT,35706
1976,Employee_1976,Finance,99103
1977,Employee_1977,Sales,58819
1978,Employee_1978,Finance,84802
1979,Employee_1979,IT,66046
1980,Employee_1980,Marketing,83343
1981,Employee_1981,Finance,57844
1982,Employee_1982,Marketing,94753
1983,Employee_1983,Sales,31206
1984,Employee_1984,IT,78363
1985,Employee_1985,IT,32738
1986,Employee_1986,Sales,96707
1987,Employee_1987,Finance,54486
1988,Employee_1988,HR,84497
1989,Employee_1989,IT,43011
1990,Employee_1990,Sales,52704
1991,Employee_1991,Sales,45571
1992,Employee_1992,IT,63973
1993,Employee_1993,Marketing,61490
1994,Employee_1994,Sales,93753
1995,Employee_1995,HR,34076
1996,Employee_1996,Sales,80961
1997,Employee_1997,IT,90504
1998,Employee_1998,Marketing,50235
1999,Employee_1999,Sales,67672
2000,Employee_2000,HR,37807
2001,Employee_2001,IT,85248
2002,Employee_2002,Marketing,92574
2003,Employee_2003,Marketing,80569
2004,Employee_2004,IT,86453
2005,Employee_2005,Sales,80227
2006,Employee_2006,IT,68406
2007,Employee_2007,HR,53587
2008,Employee_2008,IT,38308
2009,Employee_2009,Sales,30436
2010,Employee_2010,HR,53043
2011,Employee_2011,Sales,74538
2012,Employee_2012,IT,41728
2013,Employee_2013,Finance,30405
2014,Employee_2014,HR,74574
2015,Employee_2015,HR,92488
2016,Employee_2016,IT,60026
2017,Employee_2017,Marketing,34860
2018,Employee_2018,Sales,48742
2019,Employee_2019,Marketing,77675
2020,Employee_2020,Marketing,87103
2021,Employee_2021,Marketing,79767
2022,Employee_2022,IT,36750
2023,Employee_2023,IT,93077
2024,Employee_2024,Marketing,31433
2025,Employee_2025,IT,54742
2026,Employee_2026,HR,40314
2027,Employee_2027,Finance,74405
2028,Employee_2028,Sales,74145
2029,Employee_2029,Marketing,46557
2030,Employee_2030,Sales,98532
2031,Employee_2031,Finance,76483
2032,Employee_2032,Marketing,58072
2033,Employee_2033,HR,61643
2034,Employee_2034,Sales,76117
2035,Employee_2035,HR,76811
2036,Employee_2036,HR,61980
2037,Employee_2037,IT,71811
2038,Employee_2038,Finance,82253
2039,Employee_2039,Sales,59739
2040,Employee_2040,Marketing,86770
2041,Employee_2041,IT,69209
2042,Employee_2042,Marketing,74343
2043,Employee_2043,IT,84282
2044,Employee_2044,Finance,47264
2045,Employee_2045,IT,31336
2046,Employee_2046,Finance,67901
2047,Employee_2047,IT,37149
2048,Employee_2048,IT,73682
2049,Employee_2049,Finance,75846
2050,Employee_2050,Finance,49188
2051,Employee_2051,Finance,87371
2052,Employee_2052,Marketing,76924
2053,Employee_2053,IT,61558
2054,Employee_2054,HR,76319
2055,Employee_2055,IT,94911
2056,Employee_2056,Marketing,55943
2057,Employee_2057,Marketing,66050
2058,Employee_2058,HR,36991
2059,Employee_2059,Finance,96312
2060,Employee_2060,IT,68748
2061,Employee_2061,Sales,43433
2062,Employee_2062,IT,99270
2063,Employee_2063,IT,70728
2064,Employee_2064,HR,69851
2065,Employee_2065,HR,55148
2066,Employee_2066,Marketing,37340
2067,Employee_2067,IT,93747
2068,Employee_2068,HR,74883
2069,Employee_2069,Sales,82973
2070,Employee_2070,HR,79479
2071,Employee_2071,Marketing,68406
2072,Employee_2072,Finance,66879
2073,Employee_2073,Marketing,78030
2074,Employee_2074,Sales,30220
2075,Employee_2075,Marketing,89775
2076,Employee_2076,HR,39747
2077,Employee_2077,Sales,57460
2078,Employee_2078,Sales,35303
2079,Employee_2079,IT,78609
2080,Employee_2080,Marketing,54781
2081,Employee_2081,Marketing,42746
2082,Employee_2082,Marketing,49950
2083,Employee_2083,HR,99894
2084,Employee_2084,Finance,61512
2085,Employee_2085,HR,80731
2086,Employee_2086,HR,44221
2087,Employee_2087,Finance,94876
2088,Employee_2088,Marketing,97874
2089,Employee_2089,HR,43988
2090,Employee_2090,Sales,89424
2091,Employee_2091,IT,95127
2092,Employee_2092,Marketing,62853
2093,Employee_2093,IT,43681
2094,Employee_2094,Sales,31599
2095,Employee_2095,Sales,67002
2096,Employee_2096,Marketing,30146
2097,Employee_2097,Sales,33687
2098,Employee_2098,IT,44353
2099,Employee_2099,Finance,52025
2100,Employee_2100,Sales,58238
2101,Employee_2101,Sales,34832
2102,Employee_2102,Marketing,42320
2103,Employee_2103,Marketing,74739
2104,Employee_2104,Finance,31306
2105,Employee_2105,IT,70058
2106,Employee_2106,Sales,91209
2107,Employee_2107,Finance,45872
2108,Employee_2108,IT,62938
2109,Employee_2109,HR,51159
2110,Employee_2110,IT,43239
2111,Employee_2111,IT,99325
2112,Employee_2112,Finance,91992
2113,Employee_2113,IT,54804
2114,Employee_2114,Marketing,42532
2115,Employee_2115,HR,56253
2116,Employee_2116,Marketing,71501
2117,Employee_2117,Marketing,87469
2118,Employee_2118,HR,34864
2119,Employee_2119,HR,83780
2120,Employee_2120,HR,58481
2121,Employee_2121,Marketing,77297
2122,Employee_2122,Marketing,79741
2123,Employee_2123,Sales,97064
2124,Employee_2124,HR,93619
2125,Employee_2125,Marketing,92978
2126,Employee_2126,Finance,97579
2127,Employee_2127,Finance,33419
2128,Employee_2128,HR,78589
2129,Employee_2129,HR,71510
2130,Employee_2130,IT,48921
2131,Employee_2131,HR,35041
2132,Employee_2132,Finance,88624
2133,Employee_2133,HR,68688
2134,Employee_2134,Sales,85061
2135,Employee_2135,Sales,90586
2136,Employee_2136,Sales,38471
2137,Employee_2137,Sales,56085
2138,Employee_2138,Finance,39482
2139,Employee_2139,IT,39798
2140,Employee_2140,HR,79773
2141,Employee_2141,IT,38608
2142,Employee_2142,HR,53929
2143,Employee_2143,Finance,56054
2144,Employee_2144,HR,62491
2145,Employee_2145,Finance,43587
2146,Employee_2146,Finance,30344
2147,Employee_2147,Sales,62714
2148,Employee_2148,Sales,38864
2149,Employee_2149,IT,58277
2150,Employee_2150,Finance,31482
2151,Employee_2151,HR,44144
2152,Employee_2152,HR,92151
2153,Employee_2153,Finance,40904
2154,Employee_2154,HR,97486
2155,Employee_2155,HR,42213
2156,Employee_2156,Finance,50846
2157,Employee_2157,Finance,71903
2158,Employee_2158,Marketing,83338
2159,Employee_2159,IT,53840
2160,Employee_2160,Finance,65469
2161,Employee_2161,Marketing,78644
2162,Employee_2162,Sales,99321
2163,Employee_2163,Sales,69328
2164,Employee_2164,IT,33024
2165,Employee_2165,Sales,82294
2166,Employee_2166,IT,42446
2167,Employee_2167,IT,66034
2168,Employee_2168,Marketing,38720
2169,Employee_2169,Marketing,83447
2170,Employee_2170,Sales,49778
2171,Employee_2171,IT,54338
2172,Employee_2172,IT,54720
2173,Employee_2173,Finance,68247
2174,Employee_2174,HR,44612
2175,Employee_2175,Sales,71085
2176,Employee_2176,Marketing,59004
2177,Employee_2177,Sales,67189
2178,Employee_2178,Sales,73993
2179,Employee_2179,HR,40761
2180,Employee_2180,Sales,99518
2181,Employee_2181,HR,37891
2182,Employee_2182,Marketing,78073
2183,Employee_2183,Sales,45490
2184,Employee_2184,HR,96443
2185,Employee_2185,HR,34380
2186,Employee_2186,Marketing,44950
2187,Employee_2187,Sales,76031
2188,Employee_2188,Sales,61669
2189,Employee_2189,HR,36285
2190,Employee_2190,HR,79301
2191,Employee_2191,Finance,87743
2192,Employee_2192,Sales,73101
2193,Employee_2193,HR,49690
2194,Employee_2194,HR,69521
2195,Employee_2195,HR,51558
2196,Employee_2196,Sales,88677
2197,Employee_2197,Marketing,86673
2198,Employee_2198,Marketing,49275
2199,Employee_2199,Sales,67166
2200,Employee_2200,Finance,97695
2201,Employee_2201,Sales,98866
2202,Employee_2202,IT,65801
2203,Employee_2203,Marketing,61171
2204,Employee_2204,IT,49716
2205,Employee_2205,IT,64595
2206,Employee_2206,HR,62464
2207,Employee_2207,Finance,92438
2208,Employee_2208,Marketing,95664
2209,Employee_2209,Sales,68382
2210,Employee_2210,Finance,41607
2211,Employee_2211,Finance,47239
2212,Employee_2212,Finance,73520
2213,Employee_2213,IT,43583
2214,Employee_2214,HR,55095
2215,Employee_2215,Finance,87173
2216,Employee_2216,Finance,61566
2217,Employee_2217,IT,81400
2218,Employee_2218,IT,84259
2219,Employee_2219,IT,47348
2220,Employee_2220,Sales,99157
2221,Employee_2221,Sales,98513
2222,Employee_2222,IT,49060
2223,Employee_2223,IT,75305
2224,Employee_2224,Marketing,91727
2225,Employee_2225,Sales,44977
2226,Employee_2226,Finance,93148
2227,Employee_2227,Marketing,57983
2228,Employee_2228,Finance,36278
2229,Employee_2229,Marketing,45231
2230,Employee_2230,Sales,63926
2231,Employee_2231,Finance,85580
2232,Employee_2232,IT,47045
2233,Employee_2233,IT,35750
2234,Employee_2234,Sales,47818
2235,Employee_2235,Finance,69071
2236,Employee_2236,Sales,83939
2237,Employee_2237,Finance,55841
2238,Employee_2238,IT,42397
2239,Employee_2239,IT,31676
2240,Employee_2240,Finance,63823
2241,Employee_2241,IT,69712
2242,Employee_2242,Marketing,49322
2243,Employee_2243,IT,84025
2244,Employee_2244,Marketing,79552
2245,Employee_2245,Sales,37598
2246,Employee_2246,Marketing,34098
2247,Employee_2247,IT,42646
2248,Employee_2248,Marketing,63182
2249,Employee_2249,IT,74294
2250,Employee_2250,IT,33318
2251,Employee_2251,Marketing,30077
2252,Employee_2252,Finance,89087
2253,Employee_2253,Marketing,31883
2254,Employee_2254,IT,66438
2255,Employee_2255,Finance,36413
2256,Employee_2256,Finance,51264
2257,Employee_2257,Finance,91620
2258,Employee_2258,IT,86248
2259,Employee_2259,Sales,34533
2260,Employee_2260,HR,51387
2261,Employee_2261,HR,62897
2262,Employee_2262,Sales,41941
2263,Employee_2263,Finance,78970
2264,Employee_2264,Marketing,58837
2265,Employee_2265,IT,91943
2266,Employee_2266,HR,75816
2267,Employee_2267,IT,66014
2268,Employee_2268,Marketing,47813
2269,Employee_2269,IT,88491
2270,Employee_2270,Marketing,58561
2271,Employee_2271,Marketing,85990
2272,Employee_2272,Finance,68140
2273,Employee_2273,Finance,72797
2274,Employee_2274,IT,68628
2275,Employee_2275,IT,88958
2276,Employee_2276,Finance,57172
2277,Employee_2277,HR,95343
2278,Employee_2278,HR,52168
2279,Employee_2279,Finance,82496
2280,Employee_2280,IT,35435
2281,Employee_2281,Sales,78537
2282,Employee_2282,Finance,88137
2283,Employee_2283,Marketing,65640
2284,Employee_2284,Finance,34633
2285,Employee_2285,Finance,61672
2286,Employee_2286,HR,54022
2287,Employee_2287,Marketing,89091
2288,Employee_2288,HR,74539
2289,Employee_2289,Sales,47140
2290,Employee_2290,Sales,61547
2291,Employee_2291,Marketing,36225
2292,Employee_2292,Finance,49837
2293,Employee_2293,Sales,41638
2294,Employee_2294,HR,39127
2295,Employee_2295,Sales,50087
2296,Employee_2296,Sales,63434
2297,Employee_2297,IT,57627
2298,Employee_2298,Sales,81275
2299,Employee_2299,Marketing,77415
2300,Employee_2300,HR,46145
2301,Employee_2301,IT,97227
2302,Employee_2302,IT,91182
2303,Employee_2303,Marketing,30513
2304,Employee_2304,Marketing,91784
2305,Employee_2305,HR,79911
2306,Employee_2306,IT,54820
2307,Employee_2307,HR,39635
2308,Employee_2308,Marketing,61176
2309,Employee_2309,HR,55742
2310,Employee_2310,HR,98253
2311,Employee_2311,Sales,60653
2312,Employee_2312,HR,62016
2313,Employee_2313,Finance,92317
2314,Employee_2314,HR,49666
2315,Employee_2315,Sales,85936
2316,Employee_2316,Sales,75788
2317,Employee_2317,IT,35153
2318,Employee_2318,Finance,65267
2319,Employee_2319,IT,67967
2320,Employee_2320,IT,89314
2321,Employee_2321,Finance,89299
2322,Employee_2322,IT,38080
2323,Employee_2323,Finance,81061
2324,Employee_2324,Finance,93310
2325,Employee_2325,Sales,68732
2326,Employee_2326,Marketing,48775
2327,Employee_2327,Sales,62466
2328,Employee_2328,HR,58887
2329,Employee_2329,HR,86795
2330,Employee_2330,Finance,87252
2331,Employee_2331,HR,82241
2332,Employee_2332,IT,40460
2333,Employee_2333,HR,90808
2334,Employee_2334,Finance,58512
2335,Employee_2335,IT,61807
2336,Employee_2336,HR,68904
2337,Employee_2337,Sales,58073
2338,Employee_2338,Sales,49154
2339,Employee_2339,Sales,86507
2340,Employee_2340,Sales,58591
2341,Employee_2341,HR,47451
2342,Employee_2342,HR,57189
2343,Employee_2343,Sales,90650
2344,Employee_2344,Sales,38546
2345,Employee_2345,Finance,66705
2346,Employee_2346,Finance,51426
2347,Employee_2347,Sales,86695
2348,Employee_2348,IT,31730
2349,Employee_2349,HR,81740
2350,Employee_2350,Marketing,90375
2351,Employee_2351,Marketing,87852
2352,Employee_2352,IT,67293
2353,Employee_2353,HR,87093
2354,Employee_2354,IT,58012
2355,Employee_2355,Finance,55938
2356,Employee_2356,Finance,40549
2357,Employee_2357,HR,50182
2358,Employee_2358,HR,45083
2359,Employee_2359,IT,38680
2360,Employee_2360,Finance,39910
2361,Employee_2361,Finance,80378
2362,Employee_2362,Marketing,82583
2363,Employee_2363,Marketing,52103
2364,Employee_2364,HR,93806
2365,Employee_2365,HR,94437
2366,Employee_2366,IT,93186
2367,Employee_2367,Finance,91436
2368,Employee_2368,Sales,82936
2369,Employee_2369,HR,51825
2370,Employee_2370,Finance,70692
2371,Employee_2371,IT,64190
2372,Employee_2372,HR,57961
2373,Employee_2373,IT,90230
2374,Employee_2374,Finance,80020
2375,Employee_2375,Finance,69110
2376,Employee_2376,HR,61936
2377,Employee_2377,Marketing,53907
2378,Employee_2378,IT,95662
2379,Employee_2379,IT,61888
2380,Employee_2380,IT,88399
2381,Employee_2381,Sales,95395
2382,Employee_2382,Sales,98643
2383,Employee_2383,Marketing,49914
2384,Employee_2384,Marketing,47283
2385,Employee_2385,Sales,67397
2386,Employee_2386,HR,94099
2387,Employee_2387,Finance,37135
2388,Employee_2388,HR,52608
2389,Employee_2389,Marketing,99351
2390,Employee_2390,Finance,44551
2391,Employee_2391,Marketing,49843
2392,Employee_2392,IT,80919
2393,Employee_2393,Finance,96793
2394,Employee_2394,HR,97504
2395,Employee_2395,Marketing,74814
2396,Employee_2396,HR,95797
2397,Employee_2397,Marketing,67173
2398,Employee_2398,HR,53249
2399,Employee_2399,Sales,89194
2400,Employee_2400,IT,63919
2401,Employee_2401,Sales,36651
2402,Employee_2402,Finance,55242
2403,Employee_2403,Marketing,95055
2404,Employee_2404,HR,90008
2405,Employee_2405,Sales,85758
2406,Employee_2406,IT,60362
2407,Employee_2407,Marketing,63398
2408,Employee_2408,Marketing,53985
2409,Employee_2409,HR,51285
2410,Employee_2410,HR,36091
2411,Employee_2411,Marketing,96890
2412,Employee_2412,Marketing,84646
2413,Employee_2413,IT,71798
2414,Employee_2414,Finance,55280
2415,Employee_2415,Finance,63881
2416,Employee_2416,Marketing,79113
2417,Employee_2417,Marketing,41252
2418,Employee_2418,Sales,53404
2419,Employee_2419,Finance,50583
2420,Employee_2420,Finance,99198
2421,Employee_2421,Marketing,91536
2422,Employee_2422,Sales,56336
2423,Employee_2423,HR,45274
2424,Employee_2424,Sales,95033
2425,Employee_2425,Sales,32063
2426,Employee_2426,Marketing,46926
2427,Employee_2427,Finance,40311
2428,Employee_2428,Marketing,31656
2429,Employee_2429,Marketing,30774
2430,Employee_2430,IT,95561
2431,Employee_2431,Finance,52011
2432,Employee_2432,Marketing,56827
2433,Employee_2433,Marketing,61754
2434,Employee_2434,Finance,31770
2435,Employee_2435,HR,38480
2436,Employee_2436,IT,40198
2437,Employee_2437,IT,36220
2438,Employee_2438,IT,66585
2439,Employee_2439,Sales,92403
2440,Employee_2440,Sales,62647
2441,Employee_2441,Finance,82778
2442,Employee_2442,HR,89916
2443,Employee_2443,Finance,49064
2444,Employee_2444,Sales,68408
2445,Employee_2445,Marketing,42002
2446,Employee_2446,HR,97763
2447,Employee_2447,Sales,72521
2448,Employee_2448,IT,32072
2449,Employee_2449,Finance,97933
2450,Employee_2450,IT,64285
2451,Employee_2451,IT,69035
2452,Employee_2452,Finance,47091
2453,Employee_2453,IT,68046
2454,Employee_2454,IT,59155
2455,Employee_2455,Marketing,81102
2456,Employee_2456,Marketing,76549
2457,Employee_2457,IT,82617
2458,Employee_2458,Sales,40769
2459,Employee_2459,Sales,43254
2460,Employee_2460,Marketing,50941
2461,Employee_2461,IT,99550
2462,Employee_2462,Sales,38491
2463,Employee_2463,Finance,73578
2464,Employee_2464,Marketing,51774
2465,Employee_2465,IT,59689
2466,Employee_2466,HR,70304
2467,Employee_2467,HR,57284
2468,Employee_2468,Finance,59066
2469,Employee_2469,IT,72423
2470,Employee_2470,IT,53283
2471,Employee_2471,IT,94223
2472,Employee_2472,Marketing,96420
2473,Employee_2473,Marketing,59535
2474,Employee_2474,IT,34342
2475,Employee_2475,Marketing,37689
2476,Employee_2476,Marketing,58174
2477,Employee_2477,IT,50773
2478,Employee_2478,Marketing,88537
2479,Employee_2479,Sales,80356
2480,Employee_2480,Marketing,85165
2481,Employee_2481,HR,45771
2482,Employee_2482,IT,94420
2483,Employee_2483,Finance,66763
2484,Employee_2484,IT,58538
2485,Employee_2485,Finance,57528
2486,Employee_2486,Sales,79867
2487,Employee_2487,Finance,87428
2488,Employee_2488,Sales,50518
2489,Employee_2489,Sales,74538
2490,Employee_2490,Sales,79904
2491,Employee_2491,IT,47196
2492,Employee_2492,HR,51785
2493,Employee_2493,Sales,54079
2494,Employee_2494,Finance,99884
2495,Employee_2495,HR,66936
2496,Employee_2496,Finance,98941
2497,Employee_2497,HR,60393
2498,Employee_2498,Finance,60028
2499,Employee_2499,IT,89004
2500,Employee_2500,IT,39051
2501,Employee_2501,Sales,57444
2502,Employee_2502,HR,75138
2503,Employee_2503,HR,42411
2504,Employee_2504,Finance,78892
2505,Employee_2505,Marketing,38448
2506,Employee_2506,Sales,70909
2507,Employee_2507,HR,87654
2508,Employee_2508,Sales,48507
2509,Employee_2509,HR,66724
2510,Employee_2510,Marketing,63252
2511,Employee_2511,Marketing,61334
2512,Employee_2512,Sales,62139
2513,Employee_2513,Sales,39155
2514,Employee_2514,IT,74570
2515,Employee_2515,IT,90282
2516,Employee_2516,Sales,78848
2517,Employee_2517,HR,78601
2518,Employee_2518,Marketing,61585
2519,Employee_2519,Finance,61337
2520,Employee_2520,Marketing,83651
2521,Employee_2521,Finance,30301
2522,Employee_2522,Marketing,78321
2523,Employee_2523,Finance,48705
2524,Employee_2524,HR,53636
2525,Employee_2525,Marketing,52373
2526,Employee_2526,Sales,59715
2527,Employee_2527,Sales,70953
2528,Employee_2528,IT,46290
2529,Employee_2529,HR,55626
2530,Employee_2530,Finance,35750
2531,Employee_2531,IT,72725
2532,Employee_2532,Finance,66645
2533,Employee_2533,Finance,69914
2534,Employee_2534,HR,40754
2535,Employee_2535,HR,57147
2536,Employee_2536,IT,92477
2537,Employee_2537,HR,48771
2538,Employee_2538,Marketing,52912
2539,Employee_2539,Marketing,66117
2540,Employee_2540,HR,90465
2541,Employee_2541,Marketing,55457
2542,Employee_2542,HR,54952
2543,Employee_2543,IT,30969
2544,Employee_2544,Finance,98230
2545,Employee_2545,HR,73247
2546,Employee_2546,IT,95509
2547,Employee_2547,Finance,81742
2548,Employee_2548,Finance,68330
2549,Employee_2549,HR,53775
2550,Employee_2550,IT,53839
2551,Employee_2551,Sales,43064
2552,Employee_2552,Sales,30956
2553,Employee_2553,Finance,87442
2554,Employee_2554,IT,93293
2555,Employee_2555,Finance,36039
2556,Employee_2556,IT,56974
2557,Employee_2557,Marketing,71596
2558,Employee_2558,Finance,85491
2559,Employee_2559,Finance,69018
2560,Employee_2560,Sales,30594
2561,Employee_2561,IT,44895
2562,Employee_2562,Marketing,36521
2563,Employee_2563,HR,76841
2564,Employee_2564,Marketing,68211
2565,Employee_2565,Sales,98063
2566,Employee_2566,IT,71605
2567,Employee_2567,Finance,52239
2568,Employee_2568,HR,91437
2569,Employee_2569,Marketing,93043
2570,Employee_2570,Marketing,37024
2571,Employee_2571,HR,55927
2572,Employee_2572,Sales,63168
2573,Employee_2573,HR,88547
2574,Employee_2574,HR,73292
2575,Employee_2575,Finance,76470
2576,Employee_2576,HR,78479
2577,Employee_2577,Finance,43807
2578,Employee_2578,Finance,62792
2579,Employee_2579,Finance,40072
2580,Employee_2580,HR,41151
2581,Employee_2581,HR,47298
2582,Employee_2582,HR,38227
2583,Employee_2583,Marketing,52418
2584,Employee_2584,Marketing,96405
2585,Employee_2585,Marketing,57286
2586,Employee_2586,Sales,68224
2587,Employee_2587,Marketing,44629
2588,Employee_2588,Marketing,69539
2589,Employee_2589,Finance,52380
2590,Employee_2590,IT,75020
2591,Employee_2591,HR,85613
2592,Employee_2592,Marketing,32920
2593,Employee_2593,Sales,36380
2594,Employee_2594,IT,78201
2595,Employee_2595,IT,57596
2596,Employee_2596,Finance,30271
2597,Employee_2597,IT,80682
2598,Employee_2598,HR,52738
2599,Employee_2599,Marketing,56634
2600,Employee_2600,HR,64584
2601,Employee_2601,IT,61917
2602,Employee_2602,Sales,80395
2603,Employee_2603,Marketing,31559
2604,Employee_2604,HR,62041
2605,Employee_2605,Marketing,63837
2606,Employee_2606,Sales,98057
2607,Employee_2607,Sales,72462
2608,Employee_2608,IT,72053
2609,Employee_2609,IT,49651
2610,Employee_2610,Marketing,75076
2611,Employee_2611,IT,53798
2612,Employee_2612,HR,84796
2613,Employee_2613,Finance,30172
2614,Employee_2614,IT,44741
2615,Employee_2615,Marketing,31710
2616,Employee_2616,HR,48679
2617,Employee_2617,Finance,62193
2618,Employee_2618,Sales,86024
2619,Employee_2619,HR,65996
2620,Employee_2620,Marketing,37700
2621,Employee_2621,HR,98677
2622,Employee_2622,HR,95567
2623,Employee_2623,Finance,78878
2624,Employee_2624,HR,43583
2625,Employee_2625,Sales,99677
2626,Employee_2626,HR,59380
2627,Employee_2627,HR,49851
2628,Employee_2628,IT,37394
2629,Employee_2629,IT,75969
2630,Employee_2630,HR,87108
2631,Employee_2631,Finance,54526
2632,Employee_2632,HR,61659
2633,Employee_2633,Sales,88070
2634,Employee_2634,Marketing,71033
2635,Employee_2635,Sales,51870
2636,Employee_2636,HR,81792
2637,Employee_2637,IT,82043
2638,Employee_2638,Marketing,80688
2639,Employee_2639,Marketing,41715
2640,Employee_2640,Finance,30721
2641,Employee_2641,IT,80417
2642,Employee_2642,Marketing,52592
2643,Employee_2643,IT,80490
2644,Employee_2644,HR,79898
2645,Employee_2645,IT,75467
2646,Employee_2646,Finance,86585
2647,Employee_2647,HR,42172
2648,Employee_2648,Finance,38869
2649,Employee_2649,IT,77973
2650,Employee_2650,HR,67275
2651,Employee_2651,Sales,44146
2652,Employee_2652,Marketing,61706
2653,Employee_2653,Finance,68054
2654,Employee_2654,IT,54728
2655,Employee_2655,Finance,30526
2656,Employee_2656,IT,62240
2657,Employee_2657,Marketing,73997
2658,Employee_2658,IT,34935
2659,Employee_2659,Finance,59832
2660,Employee_2660,Finance,59343
2661,Employee_2661,HR,54764
2662,Employee_2662,HR,95623
2663,Employee_2663,Finance,93812
2664,Employee_2664,Sales,51295
2665,Employee_2665,Marketing,74659
2666,Employee_2666,Marketing,97143
2667,Employee_2667,IT,47402
2668,Employee_2668,IT,93876
2669,Employee_2669,Finance,50715
2670,Employee_2670,Finance,57445
2671,Employee_2671,Marketing,42349
2672,Employee_2672,HR,82966
2673,Employee_2673,IT,50970
2674,Employee_2674,Finance,35671
2675,Employee_2675,Marketing,97218
2676,Employee_2676,Sales,96727
2677,Employee_2677,Sales,30947
2678,Employee_2678,Marketing,89138
2679,Employee_2679,IT,41043
2680,Employee_2680,Finance,63874
2681,Employee_2681,Marketing,41143
2682,Employee_2682,Finance,70053
2683,Employee_2683,HR,52795
2684,Employee_2684,Marketing,47391
2685,Employee_2685,IT,97419
2686,Employee_2686,Marketing,98802
2687,Employee_2687,Sales,65840
2688,Employee_2688,Finance,35159
2689,Employee_2689,IT,32419
2690,Employee_2690,Marketing,53635
2691,Employee_2691,HR,30365
2692,Employee_2692,Sales,94437
2693,Employee_2693,Sales,66735
2694,Employee_2694,Sales,46886
2695,Employee_2695,Marketing,82303
2696,Employee_2696,Marketing,45736
2697,Employee_2697,HR,91469
2698,Employee_2698,IT,40657
2699,Employee_2699,HR,51453
2700,Employee_2700,Sales,53995
2701,Employee_2701,Finance,37034
2702,Employee_2702,Marketing,94839
2703,Employee_2703,IT,77091
2704,Employee_2704,Sales,87898
2705,Employee_2705,IT,99978
2706,Employee_2706,Marketing,51548
2707,Employee_2707,Finance,60152
2708,Employee_2708,Finance,93067
2709,Employee_2709,Finance,90371
2710,Employee_2710,HR,33745
2711,Employee_2711,Marketing,77885
2712,Employee_2712,Sales,58351
2713,Employee_2713,HR,37627
2714,Employee_2714,HR,95405
2715,Employee_2715,IT,55608
2716,Employee_2716,Sales,61272
2717,Employee_2717,IT,37965
2718,Employee_2718,Marketing,46624
2719,Employee_2719,Finance,57641
2720,Employee_2720,Finance,39452
2721,Employee_2721,IT,91055
2722,Employee_2722,Sales,35904
2723,Employee_2723,Sales,81883
2724,Employee_2724,Finance,99246
2725,Employee_2725,Finance,70833
2726,Employee_2726,Marketing,64176
2727,Employee_2727,HR,30941
2728,Employee_2728,IT,99682
2729,Employee_2729,Marketing,90860
2730,Employee_2730,Marketing,89309
2731,Employee_2731,Marketing,88895
2732,Employee_2732,IT,95426
2733,Employee_2733,Sales,77837
2734,Employee_2734,Finance,56895
2735,Employee_2735,HR,74506
2736,Employee_2736,HR,89931
2737,Employee_2737,IT,73229
2738,Employee_2738,Sales,65729
2739,Employee_2739,IT,99637
2740,Employee_2740,HR,35437
2741,Employee_2741,HR,88172
2742,Employee_2742,Marketing,44060
2743,Employee_2743,HR,43719
2744,Employee_2744,Finance,70526
2745,Employee_2745,HR,67189
2746,Employee_2746,Marketing,83640
2747,Employee_2747,HR,57672
2748,Employee_2748,Marketing,45094
2749,Employee_2749,HR,37642
2750,Employee_2750,Sales,99594
2751,Employee_2751,Finance,44636
2752,Employee_2752,HR,52668
2753,Employee_2753,IT,32721
2754,Employee_2754,HR,76133
2755,Employee_2755,HR,81760
2756,Employee_2756,Finance,89192
2757,Employee_2757,Finance,88069
2758,Employee_2758,IT,59277
2759,Employee_2759,Marketing,87076
2760,Employee_2760,HR,62244
2761,Employee_2761,Sales,65586
2762,Employee_2762,Sales,97506
2763,Employee_2763,Sales,39700
2764,Employee_2764,HR,35238
2765,Employee_2765,Finance,84832
2766,Employee_2766,Finance,72811
2767,Employee_2767,IT,51152
2768,Employee_2768,IT,67274
2769,Employee_2769,Sales,40696
2770,Employee_2770,Sales,44524
2771,Employee_2771,HR,82334
2772,Employee_2772,Sales,74833
2773,Employee_2773,Finance,64099
2774,Employee_2774,Finance,40823
2775,Employee_2775,IT,76523
2776,Employee_2776,IT,42102
2777,Employee_2777,IT,82819
2778,Employee_2778,IT,62396
2779,Employee_2779,HR,78387
2780,Employee_2780,HR,87040
2781,Employee_2781,Sales,74924
2782,Employee_2782,IT,41552
2783,Employee_2783,HR,90164
2784,Employee_2784,Marketing,50366
2785,Employee_2785,HR,89187
2786,Employee_2786,Marketing,97886
2787,Employee_2787,Finance,90408
2788,Employee_2788,Sales,71796
2789,Employee_2789,Sales,90490
2790,Employee_2790,HR,68287
2791,Employee_2791,Marketing,41407
2792,Employee_2792,Finance,89834
2793,Employee_2793,IT,54962
2794,Employee_2794,Finance,38645
2795,Employee_2795,Sales,52242
2796,Employee_2796,Finance,48830
2797,Employee_2797,Finance,90007
2798,Employee_2798,Marketing,33546
2799,Employee_2799,HR,84393
2800,Employee_2800,Finance,32592
2801,Employee_2801,Finance,70835
2802,Employee_2802,Marketing,92550
2803,Employee_2803,Sales,74327
2804,Employee_2804,Finance,52362
2805,Employee_2805,HR,61106
2806,Employee_2806,HR,70834
2807,Employee_2807,Marketing,47525
2808,Employee_2808,IT,33267
2809,Employee_2809,HR,44066
2810,Employee_2810,Marketing,97687
2811,Employee_2811,Marketing,46140
2812,Employee_2812,HR,54704
2813,Employee_2813,Finance,73908
2814,Employee_2814,Sales,84573
2815,Employee_2815,Sales,30448
2816,Employee_2816,Marketing,97872
2817,Employee_2817,Marketing,71537
2818,Employee_2818,Finance,64061
2819,Employee_2819,Marketing,88958
2820,Employee_2820,Sales,53204
2821,Employee_2821,Finance,40777
2822,Employee_2822,Sales,49676
2823,Employee_2823,HR,40276
2824,Employee_2824,HR,36672
2825,Employee_2825,Marketing,95081
2826,Employee_2826,Finance,67925
2827,Employee_2827,Sales,37569
2828,Employee_2828,Sales,67125
2829,Employee_2829,HR,40664
2830,Employee_2830,HR,97768
2831,Employee_2831,Sales,44565
2832,Employee_2832,HR,82236
2833,Employee_2833,Sales,47157
2834,Employee_2834,IT,53982
2835,Employee_2835,HR,31708
2836,Employee_2836,Marketing,44213
2837,Employee_2837,Sales,95175
2838,Employee_2838,Marketing,88358
2839,Employee_2839,Finance,84730
2840,Employee_2840,Finance,71528
2841,Employee_2841,HR,48998
2842,Employee_2842,Sales,97410
2843,Employee_2843,Marketing,71745
2844,Employee_2844,IT,83264
2845,Employee_2845,Finance,70052
2846,Employee_2846,HR,61865
2847,Employee_2847,Sales,95383
2848,Employee_2848,HR,54832
2849,Employee_2849,HR,37253
2850,Employee_2850,IT,42968
2851,Employee_2851,Marketing,30753
2852,Employee_2852,Sales,33642
2853,Employee_2853,Sales,97798
2854,Employee_2854,Finance,69850
2855,Employee_2855,IT,90845
2856,Employee_2856,Finance,97919
2857,Employee_2857,IT,49587
2858,Employee_2858,Finance,55410
2859,Employee_2859,HR,98619
2860,Employee_2860,IT,46685
2861,Employee_2861,Marketing,39783
2862,Employee_2862,IT,91230
2863,Employee_2863,HR,35685
2864,Employee_2864,Finance,32844
2865,Employee_2865,HR,52575
2866,Employee_2866,IT,34467
2867,Employee_2867,Sales,71673
2868,Employee_2868,Marketing,78120
2869,Employee_2869,Sales,71171
2870,Employee_2870,IT,70135
2871,Employee_2871,Sales,52302
2872,Employee_2872,Sales,35716
2873,Employee_2873,Sales,80474
2874,Employee_2874,IT,55560
2875,Employee_2875,Marketing,39822
2876,Employee_2876,Sales,96880
2877,Employee_2877,HR,70948
2878,Employee_2878,Finance,81334
2879,Employee_2879,IT,34388
2880,Employee_2880,IT,90935
2881,Employee_2881,Finance,45862
2882,Employee_2882,IT,58391
2883,Employee_2883,Finance,73616
2884,Employee_2884,Sales,44531
2885,Employee_2885,Marketing,48062
2886,Employee_2886,Sales,90056
2887,Employee_2887,Marketing,95212
2888,Employee_2888,Sales,75266
2889,Employee_2889,Finance,66838
2890,Employee_2890,Finance,99139
2891,Employee_2891,IT,74607
2892,Employee_2892,IT,49395
2893,Employee_2893,HR,68845
2894,Employee_2894,Finance,70192
2895,Employee_2895,Sales,92289
2896,Employee_2896,HR,50600
2897,Employee_2897,HR,88363
2898,Employee_2898,Finance,84966
2899,Employee_2899,Finance,56246
2900,Employee_2900,Marketing,45763
2901,Employee_2901,Sales,52775
2902,Employee_2902,Marketing,45961
2903,Employee_2903,Marketing,32839
2904,Employee_2904,Sales,69933
2905,Employee_2905,Finance,39167
2906,Employee_2906,HR,51753
2907,Employee_2907,Finance,48599
2908,Employee_2908,Sales,50044
2909,Employee_2909,Sales,38774
2910,Employee_2910,Sales,66279
2911,Employee_2911,IT,88915
2912,Employee_2912,Finance,95028
2913,Employee_2913,HR,41816
2914,Employee_2914,Sales,90459
2915,Employee_2915,Finance,91588
2916,Employee_2916,Marketing,74426
2917,Employee_2917,Sales,55942
2918,Employee_2918,Marketing,87473
2919,Employee_2919,Sales,50062
2920,Employee_2920,Finance,76364
2921,Employee_2921,Marketing,68120
2922,Employee_2922,Marketing,95243
2923,Employee_2923,IT,75418
2924,Employee_2924,IT,35844
2925,Employee_2925,Sales,35364
2926,Employee_2926,IT,96600
2927,Employee_2927,Finance,77229
2928,Employee_2928,Sales,44302
2929,Employee_2929,Sales,76423
2930,Employee_2930,Sales,34474
2931,Employee_2931,Sales,33779
2932,Employee_2932,Finance,93104
2933,Employee_2933,Marketing,88518
2934,Employee_2934,Sales,45585
2935,Employee_2935,Marketing,48873
2936,Employee_2936,Marketing,35065
2937,Employee_2937,HR,63455
2938,Employee_2938,Sales,37185
2939,Employee_2939,HR,79916
2940,Employee_2940,Finance,75176
2941,Employee_2941,Finance,86881
2942,Employee_2942,Marketing,44460
2943,Employee_2943,Finance,70675
2944,Employee_2944,Sales,61160
2945,Employee_2945,Sales,53446
2946,Employee_2946,IT,63236
2947,Employee_2947,Sales,38183
2948,Employee_2948,HR,57732
2949,Employee_2949,Finance,71820
2950,Employee_2950,HR,55437
2951,Employee_2951,IT,33080
2952,Employee_2952,Sales,77908
2953,Employee_2953,HR,77188
2954,Employee_2954,Marketing,81581
2955,Employee_2955,IT,68677
2956,Employee_2956,Sales,74793
2957,Employee_2957,Marketing,56107
2958,Employee_2958,Finance,83859
2959,Employee_2959,HR,75514
2960,Employee_2960,HR,83322
2961,Employee_2961,IT,45923
2962,Employee_2962,Finance,88626
2963,Employee_2963,Sales,52972
2964,Employee_2964,Finance,43818
2965,Employee_2965,Marketing,72190
2966,Employee_2966,Marketing,99684
2967,Employee_2967,Sales,64829
2968,Employee_2968,Sales,63860
2969,Employee_2969,Finance,31424
2970,Employee_2970,Sales,36639
2971,Employee_2971,Sales,61979
2972,Employee_2972,IT,78274
2973,Employee_2973,IT,77913
2974,Employee_2974,Marketing,55655
2975,Employee_2975,Marketing,33604
2976,Employee_2976,Sales,32708
2977,Employee_2977,Sales,62704
2978,Employee_2978,HR,59113
2979,Employee_2979,Sales,43224
2980,Employee_2980,HR,63535
2981,Employee_2981,Sales,31959
2982,Employee_2982,HR,91231
2983,Employee_2983,Marketing,64231
2984,Employee_2984,Sales,38495
2985,Employee_2985,Marketing,87018
2986,Employee_2986,IT,94569
2987,Employee_2987,Sales,73890
2988,Employee_2988,Sales,72869
2989,Employee_2989,Finance,30855
2990,Employee_2990,Sales,59464
2991,Employee_2991,Finance,66489
2992,Employee_2992,Finance,71888
2993,Employee_2993,Marketing,53412
2994,Employee_2994,Sales,35136
2995,Employee_2995,Sales,32160
2996,Employee_2996,Finance,35826
2997,Employee_2997,Sales,73233
2998,Employee_2998,Marketing,61951
2999,Employee_2999,Finance,76174
3000,Employee_3000,Finance,88828
3001,Employee_3001,Marketing,39407
3002,Employee_3002,Marketing,82867
3003,Employee_3003,IT,73203
3004,Employee_3004,HR,76787
3005,Employee_3005,IT,50754
3006,Employee_3006,Finance,91046
3007,Employee_3007,HR,61227
3008,Employee_3008,Marketing,97298
3009,Employee_3009,Marketing,80362
3010,Employee_3010,Sales,50153
3011,Employee_3011,Sales,40671
3012,Employee_3012,Marketing,57571
3013,Employee_3013,HR,44940
3014,Employee_3014,Finance,56592
3015,Employee_3015,Finance,72572
3016,Employee_3016,IT,73649
3017,Employee_3017,Marketing,68117
3018,Employee_3018,IT,91131
3019,Employee_3019,Marketing,62712
3020,Employee_3020,Sales,76167
3021,Employee_3021,Marketing,69491
3022,Employee_3022,Marketing,86430
3023,Employee_3023,Marketing,67890
3024,Employee_3024,Marketing,79242
3025,Employee_3025,IT,96526
3026,Employee_3026,Sales,78842
3027,Employee_3027,Marketing,81196
3028,Employee_3028,HR,95604
3029,Employee_3029,HR,56857
3030,Employee_3030,Finance,73458
3031,Employee_3031,HR,75211
3032,Employee_3032,HR,57005
3033,Employee_3033,HR,56490
3034,Employee_3034,HR,96851
3035,Employee_3035,Sales,35912
3036,Employee_3036,Finance,68752
3037,Employee_3037,HR,66821
3038,Employee_3038,Sales,44176
3039,Employee_3039,Sales,81595
3040,Employee_3040,IT,71756
3041,Employee_3041,Marketing,84098
3042,Employee_3042,Marketing,96779
3043,Employee_3043,Sales,82966
3044,Employee_3044,IT,47421
3045,Employee_3045,Sales,61137
3046,Employee_3046,HR,97322
3047,Employee_3047,Sales,88965
3048,Employee_3048,Marketing,52775
3049,Employee_3049,Sales,66360
3050,Employee_3050,Finance,63883
3051,Employee_3051,Sales,32355
3052,Employee_3052,IT,72267
3053,Employee_3053,Sales,84085
3054,Employee_3054,Finance,31553
3055,Employee_3055,Finance,34175
3056,Employee_3056,Finance,81225
3057,Employee_3057,HR,72116
3058,Employee_3058,IT,75173
3059,Employee_3059,IT,67445
3060,Employee_3060,Sales,82752
3061,Employee_3061,Marketing,43345
3062,Employee_3062,HR,44805
3063,Employee_3063,Sales,40606
3064,Employee_3064,Finance,66470
3065,Employee_3065,HR,85541
3066,Employee_3066,Finance,80567
3067,Employee_3067,IT,54187
3068,Employee_3068,HR,61392
3069,Employee_3069,Marketing,61152
3070,Employee_3070,HR,47916
3071,Employee_3071,Marketing,71121
3072,Employee_3072,HR,38442
3073,Employee_3073,Marketing,82654
3074,Employee_3074,Finance,68149
3075,Employee_3075,HR,48632
3076,Employee_3076,Finance,85268
3077,Employee_3077,Marketing,45191
3078,Employee_3078,HR,61461
3079,Employee_3079,Marketing,57517
3080,Employee_3080,Sales,91913
3081,Employee_3081,Marketing,89307
3082,Employee_3082,HR,42830
3083,Employee_3083,HR,49879
3084,Employee_3084,Sales,33643
3085,Employee_3085,Marketing,75028
3086,Employee_3086,Marketing,98321
3087,Employee_3087,Finance,85558
3088,Employee_3088,HR,68549
3089,Employee_3089,Finance,56021
3090,Employee_3090,HR,72954
3091,Employee_3091,Marketing,81013
3092,Employee_3092,IT,93611
3093,Employee_3093,IT,30730
3094,Employee_3094,Finance,62241
3095,Employee_3095,HR,44539
3096,Employee_3096,IT,55852
3097,Employee_3097,Marketing,96356
3098,Employee_3098,Finance,74700
3099,Employee_3099,Marketing,63152
3100,Employee_3100,Sales,73446
3101,Employee_3101,Finance,48628
3102,Employee_3102,Marketing,98982
3103,Employee_3103,Sales,78063
3104,Employee_3104,Marketing,85351
3105,Employee_3105,Sales,59281
3106,Employee_3106,Finance,76714
3107,Employee_3107,Marketing,98377
3108,Employee_3108,HR,72833
3109,Employee_3109,HR,95632
3110,Employee_3110,Finance,81080
3111,Employee_3111,Marketing,71007
3112,Employee_3112,Finance,42339
3113,Employee_3113,Sales,36024
3114,Employee_3114,Finance,44698
3115,Employee_3115,Marketing,83678
3116,Employee_3116,IT,49291
3117,Employee_3117,Finance,36522
3118,Employee_3118,Finance,68032
3119,Employee_3119,Sales,61304
3120,Employee_3120,IT,73958
3121,Employee_3121,HR,40992
3122,Employee_3122,Finance,58235
3123,Employee_3123,IT,46574
3124,Employee_3124,Finance,73418
3125,Employee_3125,Finance,93014
3126,Employee_3126,HR,49203
3127,Employee_3127,Marketing,55563
3128,Employee_3128,Finance,45750
3129,Employee_3129,Finance,80116
3130,Employee_3130,Marketing,96584
3131,Employee_3131,IT,72751
3132,Employee_3132,IT,46524
3133,Employee_3133,Sales,51393
3134,Employee_3134,Marketing,44455
3135,Employee_3135,Sales,87574
3136,Employee_3136,Finance,77455
3137,Employee_3137,Marketing,43865
3138,Employee_3138,Sales,78796
3139,Employee_3139,Finance,49541
3140,Employee_3140,HR,71531
3141,Employee_3141,HR,88531
3142,Employee_3142,IT,87414
3143,Employee_3143,Marketing,52348
3144,Employee_3144,HR,93648
3145,Employee_3145,Marketing,49632
3146,Employee_3146,Finance,48189
3147,Employee_3147,Marketing,45113
3148,Employee_3148,IT,48558
3149,Employee_3149,Finance,94582
3150,Employee_3150,Finance,55219
3151,Employee_3151,Sales,63641
3152,Employee_3152,Marketing,96003
3153,Employee_3153,HR,58976
3154,Employee_3154,Sales,33630
3155,Employee_3155,HR,71771
3156,Employee_3156,Marketing,95381
3157,Employee_3157,IT,97298
3158,Employee_3158,IT,34971
3159,Employee_3159,Finance,43628
3160,Employee_3160,HR,92125
3161,Employee_3161,Sales,89243
3162,Employee_3162,Finance,31928
3163,Employee_3163,Marketing,36232
3164,Employee_3164,HR,97004
3165,Employee_3165,Sales,70508
3166,Employee_3166,Finance,36014
3167,Employee_3167,Finance,40932
3168,Employee_3168,Finance,33822
3169,Employee_3169,HR,47545
3170,Employee_3170,Finance,73140
3171,Employee_3171,Marketing,37458
3172,Employee_3172,Finance,54776
3173,Employee_3173,Marketing,58635
3174,Employee_3174,IT,84620
3175,Employee_3175,Sales,74324
3176,Employee_3176,Finance,40962
3177,Employee_3177,Sales,73215
3178,Employee_3178,IT,83344
3179,Employee_3179,Finance,59215
3180,Employee_3180,Marketing,77153
3181,Employee_3181,Finance,62643
3182,Employee_3182,IT,44189
3183,Employee_3183,Finance,56527
3184,Employee_3184,IT,54067
3185,Employee_3185,HR,30964
3186,Employee_3186,IT,81080
3187,Employee_3187,Sales,37689
3188,Employee_3188,Finance,83324
3189,Employee_3189,Marketing,75563
3190,Employee_3190,Finance,73156
3191,Employee_3191,HR,59971
3192,Employee_3192,Sales,96520
3193,Employee_3193,HR,57201
3194,Employee_3194,HR,37425
3195,Employee_3195,Sales,86391
3196,Employee_3196,Marketing,45483
3197,Employee_3197,Marketing,94082
3198,Employee_3198,Marketing,86857
3199,Employee_3199,Marketing,98671
3200,Employee_3200,Marketing,67523
3201,Employee_3201,Finance,41384
3202,Employee_3202,IT,65499
3203,Employee_3203,IT,97053
3204,Employee_3204,Finance,76132
3205,Employee_3205,Marketing,76510
3206,Employee_3206,HR,70823
3207,Employee_3207,Sales,32723
3208,Employee_3208,HR,97655
3209,Employee_3209,Marketing,67772
3210,Employee_3210,IT,89842
3211,Employee_3211,IT,33010
3212,Employee_3212,HR,74868
3213,Employee_3213,HR,85678
3214,Employee_3214,HR,71107
3215,Employee_3215,IT,43736
3216,Employee_3216,Marketing,60838
3217,Employee_3217,IT,89015
3218,Employee_3218,IT,56301
3219,Employee_3219,IT,77863
3220,Employee_3220,Sales,85184
3221,Employee_3221,IT,46155
3222,Employee_3222,Sales,80379
3223,Employee_3223,Sales,41001
3224,Employee_3224,Finance,41734
3225,Employee_3225,IT,85792
3226,Employee_3226,HR,85231
3227,Employee_3227,Sales,89508
3228,Employee_3228,Finance,48518
3229,Employee_3229,IT,50365
3230,Employee_3230,Marketing,89704
3231,Employee_3231,Marketing,95521
3232,Employee_3232,Sales,65567
3233,Employee_3233,HR,61046
3234,Employee_3234,Marketing,48374
3235,Employee_3235,Marketing,88934
3236,Employee_3236,Sales,50533
3237,Employee_3237,Finance,45090
3238,Employee_3238,HR,76952
3239,Employee_3239,IT,39714
3240,Employee_3240,HR,41616
3241,Employee_3241,HR,68866
3242,Employee_3242,Marketing,36310
3243,Employee_3243,Marketing,31885
3244,Employee_3244,Marketing,74805
3245,Employee_3245,Sales,63043
3246,Employee_3246,HR,68995
3247,Employee_3247,IT,90635
3248,Employee_3248,Finance,60557
3249,Employee_3249,Marketing,89685
3250,Employee_3250,Marketing,66103
3251,Employee_3251,Sales,86003
3252,Employee_3252,Marketing,57049
3253,Employee_3253,Sales,66801
3254,Employee_3254,HR,43887
3255,Employee_3255,Finance,83728
3256,Employee_3256,IT,71684
3257,Employee_3257,IT,92284
3258,Employee_3258,IT,46336
3259,Employee_3259,IT,89038
3260,Employee_3260,Marketing,73764
3261,Employee_3261,Sales,55653
3262,Employee_3262,Finance,31266
3263,Employee_3263,Finance,99540
3264,Employee_3264,Finance,99206
3265,Employee_3265,Finance,40548
3266,Employee_3266,HR,48426
3267,Employee_3267,IT,57989
3268,Employee_3268,Sales,33238
3269,Employee_3269,HR,76273
3270,Employee_3270,Sales,56565
3271,Employee_3271,Sales,98639
3272,Employee_3272,Marketing,68605
3273,Employee_3273,Sales,85697
3274,Employee_3274,Finance,58151
3275,Employee_3275,Marketing,52731
3276,Employee_3276,HR,32438
3277,Employee_3277,HR,83127
3278,Employee_3278,HR,61345
3279,Employee_3279,Finance,91494
3280,Employee_3280,Finance,57737
3281,Employee_3281,Marketing,47766
3282,Employee_3282,Sales,98039
3283,Employee_3283,HR,83257
3284,Employee_3284,Sales,57865
3285,Employee_3285,IT,42565
3286,Employee_3286,Finance,99982
3287,Employee_3287,Finance,31483
3288,Employee_3288,Sales,49400
3289,Employee_3289,IT,74030
3290,Employee_3290,Marketing,46491
3291,Employee_3291,Sales,44460
3292,Employee_3292,Marketing,46948
3293,Employee_3293,Finance,76801
3294,Employee_3294,Sales,33493
3295,Employee_3295,Sales,55709
3296,Employee_3296,Marketing,31176
3297,Employee_3297,Sales,66370
3298,Employee_3298,Marketing,68826
3299,Employee_3299,IT,54313
3300,Employee_3300,Marketing,56187
3301,Employee_3301,Sales,58363
3302,Employee_3302,IT,86180
3303,Employee_3303,Sales,90847
3304,Employee_3304,Finance,98580
3305,Employee_3305,IT,35093
3306,Employee_3306,Marketing,83671
3307,Employee_3307,HR,98743
3308,Employee_3308,Sales,42287
3309,Employee_3309,Finance,97268
3310,Employee_3310,Marketing,77419
3311,Employee_3311,HR,54086
3312,Employee_3312,Marketing,59041
3313,Employee_3313,HR,77880
3314,Employee_3314,HR,89440
3315,Employee_3315,HR,40960
3316,Employee_3316,HR,34481
3317,Employee_3317,Sales,72023
3318,Employee_3318,Marketing,89394
3319,Employee_3319,IT,38757
3320,Employee_3320,Sales,93863
3321,Employee_3321,HR,81088
3322,Employee_3322,Sales,52994
3323,Employee_3323,Marketing,92890
3324,Employee_3324,Finance,76135
3325,Employee_3325,Sales,52205
3326,Employee_3326,Finance,87094
3327,Employee_3327,HR,77808
3328,Employee_3328,Marketing,87014
3329,Employee_3329,Marketing,57579
3330,Employee_3330,Marketing,48779
3331,Employee_3331,Finance,52079
3332,Employee_3332,Sales,84695
3333,Employee_3333,Sales,86487
3334,Employee_3334,IT,57547
3335,Employee_3335,Marketing,40280
3336,Employee_3336,Sales,39063
3337,Employee_3337,Marketing,35047
3338,Employee_3338,IT,30899
3339,Employee_3339,Finance,58591
3340,Employee_3340,HR,84965
3341,Employee_3341,Marketing,82226
3342,Employee_3342,HR,55931
3343,Employee_3343,IT,37532
3344,Employee_3344,Finance,54795
3345,Employee_3345,Marketing,43919
3346,Employee_3346,Marketing,83341
3347,Employee_3347,HR,80867
3348,Employee_3348,Marketing,83103
3349,Employee_3349,Marketing,45678
3350,Employee_3350,Sales,63588
3351,Employee_3351,Finance,71790
3352,Employee_3352,Finance,50076
3353,Employee_3353,Marketing,73935
3354,Employee_3354,Finance,78044
3355,Employee_3355,Marketing,52756
3356,Employee_3356,IT,41185
3357,Employee_3357,Finance,98994
3358,Employee_3358,Finance,85310
3359,Employee_3359,Finance,46508
3360,Employee_3360,Sales,72776
3361,Employee_3361,IT,52750
3362,Employee_3362,Sales,58100
3363,Employee_3363,Marketing,54492
3364,Employee_3364,Sales,44118
3365,Employee_3365,Sales,65083
3366,Employee_3366,IT,30210
3367,Employee_3367,Sales,33931
3368,Employee_3368,Marketing,85197
3369,Employee_3369,HR,57348
3370,Employee_3370,IT,30119
3371,Employee_3371,Marketing,97903
3372,Employee_3372,Marketing,92134
3373,Employee_3373,IT,36291
3374,Employee_3374,HR,43818
3375,Employee_3375,Marketing,33972
3376,Employee_3376,Finance,91160
3377,Employee_3377,IT,99081
3378,Employee_3378,Sales,96563
3379,Employee_3379,Sales,35173
3380,Employee_3380,Sales,42032
3381,Employee_3381,HR,93783
3382,Employee_3382,IT,42340
3383,Employee_3383,Finance,37985
3384,Employee_3384,Marketing,96201
3385,Employee_3385,IT,72512
3386,Employee_3386,HR,49783
3387,Employee_3387,HR,73800
3388,Employee_3388,IT,98658
3389,Employee_3389,HR,96936
3390,Employee_3390,Marketing,38157
3391,Employee_3391,Marketing,91052
3392,Employee_3392,Sales,38245
3393,Employee_3393,Finance,30828
3394,Employee_3394,IT,42748
3395,Employee_3395,Marketing,59623
3396,Employee_3396,IT,80462
3397,Employee_3397,Marketing,91495
3398,Employee_3398,HR,89263
3399,Employee_3399,IT,38664
3400,Employee_3400,HR,46554
3401,Employee_3401,IT,36879
3402,Employee_3402,IT,49465
3403,Employee_3403,HR,96977
3404,Employee_3404,Finance,42150
3405,Employee_3405,Finance,87898
3406,Employee_3406,Sales,31575
3407,Employee_3407,IT,43630
3408,Employee_3408,Sales,71181
3409,Employee_3409,Finance,49646
3410,Employee_3410,Sales,57361
3411,Employee_3411,IT,37519
3412,Employee_3412,Finance,83944
3413,Employee_3413,HR,80414
3414,Employee_3414,IT,62128
3415,Employee_3415,Finance,76435
3416,Employee_3416,IT,64198
3417,Employee_3417,HR,50212
3418,Employee_3418,Sales,46904
3419,Employee_3419,Sales,57126
3420,Employee_3420,Sales,69696
3421,Employee_3421,IT,51090
3422,Employee_3422,IT,65286
3423,Employee_3423,Marketing,78190
3424,Employee_3424,Sales,70778
3425,Employee_3425,HR,53827
3426,Employee_3426,Marketing,57951
3427,Employee_3427,IT,59729
3428,Employee_3428,IT,36458
3429,Employee_3429,Sales,62218
3430,Employee_3430,Marketing,89289
3431,Employee_3431,IT,80959
3432,Employee_3432,Marketing,57704
3433,Employee_3433,Finance,90104
3434,Employee_3434,IT,37663
3435,Employee_3435,Finance,54159
3436,Employee_3436,Finance,83785
3437,Employee_3437,HR,91563
3438,Employee_3438,IT,71327
3439,Employee_3439,IT,63719
3440,Employee_3440,HR,49230
3441,Employee_3441,IT,63000
3442,Employee_3442,HR,40035
3443,Employee_3443,HR,53749
3444,Employee_3444,Sales,57345
3445,Employee_3445,Sales,55390
3446,Employee_3446,Finance,84162
3447,Employee_3447,IT,65242
3448,Employee_3448,HR,40000
3449,Employee_3449,HR,70994
3450,Employee_3450,Marketing,76879
3451,Employee_3451,Finance,46319
3452,Employee_3452,HR,62160
3453,Employee_3453,Finance,72506
3454,Employee_3454,Finance,50181
3455,Employee_3455,IT,88241
3456,Employee_3456,Sales,66912
3457,Employee_3457,Marketing,54214
3458,Employee_3458,Sales,78233
3459,Employee_3459,Sales,38990
3460,Employee_3460,HR,30318
3461,Employee_3461,IT,86666
3462,Employee_3462,HR,79382
3463,Employee_3463,Marketing,68621
3464,Employee_3464,IT,96069
3465,Employee_3465,Marketing,47665
3466,Employee_3466,IT,88925
3467,Employee_3467,IT,67149
3468,Employee_3468,Marketing,49919
3469,Employee_3469,HR,62101
3470,Employee_3470,IT,57250
3471,Employee_3471,Marketing,85555
3472,Employee_3472,Finance,68031
3473,Employee_3473,Marketing,89789
3474,Employee_3474,Sales,36610
3475,Employee_3475,Marketing,33401
3476,Employee_3476,HR,78743
3477,Employee_3477,Finance,60159
3478,Employee_3478,IT,61793
3479,Employee_3479,Finance,48210
3480,Employee_3480,Sales,58302
3481,Employee_3481,HR,53496
3482,Employee_3482,Finance,76494
3483,Employee_3483,Finance,93988
3484,Employee_3484,IT,75750
3485,Employee_3485,IT,60516
3486,Employee_3486,Marketing,30811
3487,Employee_3487,IT,45837
3488,Employee_3488,Sales,64495
3489,Employee_3489,Marketing,47488
3490,Employee_3490,Finance,64966
3491,Employee_3491,Finance,99360
3492,Employee_3492,Marketing,86550
3493,Employee_3493,Sales,95072
3494,Employee_3494,HR,62442
3495,Employee_3495,Finance,39974
3496,Employee_3496,HR,68935
3497,Employee_3497,IT,40011
3498,Employee_3498,Finance,56066
3499,Employee_3499,HR,67009
3500,Employee_3500,Sales,67257
3501,Employee_3501,Marketing,55660
3502,Employee_3502,HR,63134
3503,Employee_3503,HR,36659
3504,Employee_3504,Marketing,65147
3505,Employee_3505,HR,69920
3506,Employee_3506,Finance,46138
3507,Employee_3507,IT,42589
3508,Employee_3508,Marketing,92958
3509,Employee_3509,Finance,71431
3510,Employee_3510,HR,56385
3511,Employee_3511,Marketing,83328
3512,Employee_3512,Sales,65830
3513,Employee_3513,Marketing,56496
3514,Employee_3514,IT,37673
3515,Employee_3515,IT,52415
3516,Employee_3516,HR,45589
3517,Employee_3517,Finance,37568
3518,Employee_3518,Finance,53988
3519,Employee_3519,IT,53657
3520,Employee_3520,Marketing,44196
3521,Employee_3521,Sales,82145
3522,Employee_3522,IT,77886
3523,Employee_3523,IT,40733
3524,Employee_3524,Sales,37683
3525,Employee_3525,IT,55071
3526,Employee_3526,HR,55208
3527,Employee_3527,Sales,97362
3528,Employee_3528,Marketing,92050
3529,Employee_3529,Marketing,52160
3530,Employee_3530,Finance,61950
3531,Employee_3531,IT,84921
3532,Employee_3532,HR,78845
3533,Employee_3533,Finance,58221
3534,Employee_3534,Sales,51175
3535,Employee_3535,Marketing,92705
3536,Employee_3536,Marketing,75367
3537,Employee_3537,Marketing,54329
3538,Employee_3538,Marketing,73563
3539,Employee_3539,HR,69905
3540,Employee_3540,Sales,65844
3541,Employee_3541,Sales,42166
3542,Employee_3542,Marketing,42163
3543,Employee_3543,Marketing,38987
3544,Employee_3544,Sales,42445
3545,Employee_3545,Finance,54945
3546,Employee_3546,Finance,95297
3547,Employee_3547,Sales,47235
3548,Employee_3548,Finance,31592
3549,Employee_3549,Marketing,39762
3550,Employee_3550,Finance,50965
3551,Employee_3551,HR,30731
3552,Employee_3552,IT,78318
3553,Employee_3553,Marketing,74351
3554,Employee_3554,HR,34087
3555,Employee_3555,HR,98422
3556,Employee_3556,Finance,69339
3557,Employee_3557,Sales,69109
3558,Employee_3558,Sales,89126
3559,Employee_3559,IT,79778
3560,Employee_3560,Sales,81793
3561,Employee_3561,HR,42167
3562,Employee_3562,Finance,36261
3563,Employee_3563,Sales,99865
3564,Employee_3564,IT,80992
3565,Employee_3565,HR,87474
3566,Employee_3566,Marketing,61761
3567,Employee_3567,Sales,97811
3568,Employee_3568,Sales,93918
3569,Employee_3569,HR,75574
3570,Employee_3570,Finance,38530
3571,Employee_3571,Sales,45592
3572,Employee_3572,Finance,93061
3573,Employee_3573,Finance,68683
3574,Employee_3574,Marketing,55181
3575,Employee_3575,Sales,35428
3576,Employee_3576,IT,82601
3577,Employee_3577,HR,33496
3578,Employee_3578,Sales,90516
3579,Employee_3579,Finance,97577
3580,Employee_3580,Marketing,91218
3581,Employee_3581,Finance,87293
3582,Employee_3582,Sales,92164
3583,Employee_3583,Finance,44358
3584,Employee_3584,HR,63733
3585,Employee_3585,IT,84049
3586,Employee_3586,HR,43691
3587,Employee_3587,IT,72963
3588,Employee_3588,Sales,38478
3589,Employee_3589,IT,30584
3590,Employee_3590,Sales,71375
3591,Employee_3591,Sales,54849
3592,Employee_3592,Sales,50326
3593,Employee_3593,IT,96508
3594,Employee_3594,Sales,64306
3595,Employee_3595,Marketing,69824
3596,Employee_3596,IT,52386
3597,Employee_3597,IT,95224
3598,Employee_3598,HR,91935
3599,Employee_3599,Finance,43429
3600,Employee_3600,IT,85426
3601,Employee_3601,Sales,47854
3602,Employee_3602,HR,73297
3603,Employee_3603,HR,98209
3604,Employee_3604,HR,43885
3605,Employee_3605,IT,92191
3606,Employee_3606,Sales,77615
3607,Employee_3607,HR,31352
3608,Employee_3608,Sales,59222
3609,Employee_3609,Marketing,51705
3610,Employee_3610,HR,96936
3611,Employee_3611,Sales,67272
3612,Employee_3612,HR,97851
3613,Employee_3613,HR,81795
3614,Employee_3614,Finance,44340
3615,Employee_3615,Finance,76133
3616,Employee_3616,IT,48464
3617,Employee_3617,Finance,53653
3618,Employee_3618,IT,87922
3619,Employee_3619,Marketing,45699
3620,Employee_3620,Marketing,34923
3621,Employee_3621,Sales,73386
3622,Employee_3622,IT,66172
3623,Employee_3623,HR,58237
3624,Employee_3624,Marketing,82757
3625,Employee_3625,HR,58881
3626,Employee_3626,Sales,85694
3627,Employee_3627,IT,87492
3628,Employee_3628,HR,81011
3629,Employee_3629,Finance,71416
3630,Employee_3630,HR,31109
3631,Employee_3631,IT,32200
3632,Employee_3632,HR,37951
3633,Employee_3633,Sales,35262
3634,Employee_3634,Sales,60695
3635,Employee_3635,Sales,94829
3636,Employee_3636,Finance,62119
3637,Employee_3637,Marketing,66722
3638,Employee_3638,Finance,95496
3639,Employee_3639,IT,58465
3640,Employee_3640,HR,57494
3641,Employee_3641,Finance,59461
3642,Employee_3642,Finance,89283
3643,Employee_3643,HR,73257
3644,Employee_3644,HR,97446
3645,Employee_3645,IT,35770
3646,Employee_3646,Marketing,48198
3647,Employee_3647,Sales,42829
3648,Employee_3648,Marketing,85121
3649,Employee_3649,IT,91373
3650,Employee_3650,HR,51884
3651,Employee_3651,IT,54151
3652,Employee_3652,Finance,34546
3653,Employee_3653,Sales,68676
3654,Employee_3654,Marketing,92730
3655,Employee_3655,HR,33343
3656,Employee_3656,Marketing,54564
3657,Employee_3657,Finance,55180
3658,Employee_3658,Marketing,36668
3659,Employee_3659,Finance,42715
3660,Employee_3660,Marketing,50735
3661,Employee_3661,Finance,38239
3662,Employee_3662,Sales,83906
3663,Employee_3663,Sales,55883
3664,Employee_3664,Finance,33180
3665,Employee_3665,Marketing,58392
3666,Employee_3666,Marketing,64571
3667,Employee_3667,Sales,47263
3668,Employee_3668,HR,58653
3669,Employee_3669,HR,74629
3670,Employee_3670,Marketing,31643
3671,Employee_3671,Marketing,49859
3672,Employee_3672,HR,77892
3673,Employee_3673,HR,84412
3674,Employee_3674,Finance,31862
3675,Employee_3675,HR,47881
3676,Employee_3676,Marketing,83024
3677,Employee_3677,Sales,85365
3678,Employee_3678,Marketing,91453
3679,Employee_3679,Finance,53449
3680,Employee_3680,Marketing,67844
3681,Employee_3681,IT,80072
3682,Employee_3682,IT,90365
3683,Employee_3683,IT,94875
3684,Employee_3684,Marketing,30796
3685,Employee_3685,IT,59125
3686,Employee_3686,IT,64651
3687,Employee_3687,Finance,99586
3688,Employee_3688,Finance,81833
3689,Employee_3689,IT,63904
3690,Employee_3690,Marketing,96913
3691,Employee_3691,Sales,47920
3692,Employee_3692,Sales,52012
3693,Employee_3693,IT,98608
3694,Employee_3694,HR,85731
3695,Employee_3695,IT,54182
3696,Employee_3696,Sales,31832
3697,Employee_3697,HR,90401
3698,Employee_3698,Finance,72311
3699,Employee_3699,IT,98315
3700,Employee_3700,IT,82743
3701,Employee_3701,HR,78283
3702,Employee_3702,Sales,77752
3703,Employee_3703,Finance,69132
3704,Employee_3704,Finance,52256
3705,Employee_3705,Sales,59619
3706,Employee_3706,Marketing,35896
3707,Employee_3707,Sales,47540
3708,Employee_3708,Marketing,80265
3709,Employee_3709,Marketing,37072
3710,Employee_3710,HR,52191
3711,Employee_3711,IT,92417
3712,Employee_3712,IT,87440
3713,Employee_3713,Finance,99851
3714,Employee_3714,Sales,86818
3715,Employee_3715,Marketing,97490
3716,Employee_3716,IT,70457
3717,Employee_3717,Finance,73957
3718,Employee_3718,Finance,88333
3719,Employee_3719,HR,59655
3720,Employee_3720,IT,37503
3721,Employee_3721,HR,86130
3722,Employee_3722,Marketing,90168
3723,Employee_3723,Sales,84829
3724,Employee_3724,IT,73552
3725,Employee_3725,Sales,83693
3726,Employee_3726,HR,41701
3727,Employee_3727,Sales,79581
3728,Employee_3728,Sales,32784
3729,Employee_3729,Sales,83800
3730,Employee_3730,Sales,33212
3731,Employee_3731,Finance,97694
3732,Employee_3732,Marketing,96437
3733,Employee_3733,Finance,31626
3734,Employee_3734,Finance,76594
3735,Employee_3735,Marketing,65459
3736,Employee_3736,Marketing,33764
3737,Employee_3737,IT,31848
3738,Employee_3738,IT,43782
3739,Employee_3739,Sales,44555
3740,Employee_3740,Sales,52287
3741,Employee_3741,Marketing,32650
3742,Employee_3742,IT,61390
3743,Employee_3743,Sales,70664
3744,Employee_3744,Finance,68157
3745,Employee_3745,Marketing,58377
3746,Employee_3746,Sales,36058
3747,Employee_3747,Marketing,71510
3748,Employee_3748,IT,78766
3749,Employee_3749,Marketing,92767
3750,Employee_3750,Marketing,33502
3751,Employee_3751,Sales,33282
3752,Employee_3752,Sales,76753
3753,Employee_3753,Finance,65878
3754,Employee_3754,Finance,71624
3755,Employee_3755,HR,40585
3756,Employee_3756,Marketing,46310
3757,Employee_3757,Marketing,49160
3758,Employee_3758,Finance,30880
3759,Employee_3759,IT,99986
3760,Employee_3760,HR,77675
3761,Employee_3761,Finance,59176
3762,Employee_3762,Marketing,86078
3763,Employee_3763,Finance,91332
3764,Employee_3764,Finance,73173
3765,Employee_3765,Marketing,32019
3766,Employee_3766,IT,76667
3767,Employee_3767,Finance,85266
3768,Employee_3768,IT,80727
3769,Employee_3769,Marketing,58450
3770,Employee_3770,Finance,30958
3771,Employee_3771,HR,95364
3772,Employee_3772,IT,58741
3773,Employee_3773,Sales,56397
3774,Employee_3774,HR,59572
3775,Employee_3775,Marketing,85053
3776,Employee_3776,HR,73902
3777,Employee_3777,Finance,44226
3778,Employee_3778,IT,32466
3779,Employee_3779,Sales,89889
3780,Employee_3780,Finance,41080
3781,Employee_3781,Marketing,70116
3782,Employee_3782,Finance,44860
3783,Employee_3783,IT,96600
3784,Employee_3784,Marketing,67695
3785,Employee_3785,Finance,32236
3786,Employee_3786,HR,55708
3787,Employee_3787,Marketing,93627
3788,Employee_3788,IT,74629
3789,Employee_3789,HR,97442
3790,Employee_3790,Finance,78104
3791,Employee_3791,Sales,60603
3792,Employee_3792,Finance,73450
3793,Employee_3793,HR,96330
3794,Employee_3794,IT,87812
3795,Employee_3795,Sales,53278
3796,Employee_3796,HR,58671
3797,Employee_3797,HR,90288
3798,Employee_3798,Finance,73004
3799,Employee_3799,IT,43439
3800,Employee_3800,Finance,82830
3801,Employee_3801,HR,61163
3802,Employee_3802,Sales,38347
3803,Employee_3803,Marketing,64358
3804,Employee_3804,Marketing,56141
3805,Employee_3805,IT,48416
3806,Employee_3806,IT,79745
3807,Employee_3807,Marketing,95862
3808,Employee_3808,IT,82102
3809,Employee_3809,Finance,67746
3810,Employee_3810,Marketing,51065
3811,Employee_3811,Finance,96990
3812,Employee_3812,Sales,58420
3813,Employee_3813,Marketing,45794
3814,Employee_3814,Marketing,84419
3815,Employee_3815,Sales,56141
3816,Employee_3816,Finance,90503
3817,Employee_3817,HR,54198
3818,Employee_3818,HR,80359
3819,Employee_3819,IT,50670
3820,Employee_3820,Finance,30888
3821,Employee_3821,Finance,96415
3822,Employee_3822,Sales,34716
3823,Employee_3823,HR,53890
3824,Employee_3824,Finance,43914
3825,Employee_3825,Marketing,30762
3826,Employee_3826,IT,48909
3827,Employee_3827,IT,39951
3828,Employee_3828,HR,52951
3829,Employee_3829,Finance,86211
3830,Employee_3830,Finance,46414
3831,Employee_3831,HR,47416
3832,Employee_3832,Marketing,64479
3833,Employee_3833,Marketing,67413
3834,Employee_3834,Sales,88854
3835,Employee_3835,IT,68282
3836,Employee_3836,HR,47215
3837,Employee_3837,Sales,80391
3838,Employee_3838,Sales,49937
3839,Employee_3839,HR,86521
3840,Employee_3840,Sales,79949
3841,Employee_3841,Sales,41194
3842,Employee_3842,Finance,85162
3843,Employee_3843,IT,57101
3844,Employee_3844,HR,98742
3845,Employee_3845,IT,86227
3846,Employee_3846,HR,51225
3847,Employee_3847,IT,80708
3848,Employee_3848,HR,43321
3849,Employee_3849,Sales,61021
3850,Employee_3850,Finance,98378
3851,Employee_3851,Finance,42735
3852,Employee_3852,IT,86618
3853,Employee_3853,Finance,69774
3854,Employee_3854,Finance,82195
3855,Employee_3855,Marketing,41888
3856,Employee_3856,Sales,32550
3857,Employee_3857,Finance,84441
3858,Employee_3858,IT,53740
3859,Employee_3859,IT,57629
3860,Employee_3860,IT,85670
3861,Employee_3861,Finance,61139
3862,Employee_3862,Marketing,61142
3863,Employee_3863,IT,68455
3864,Employee_3864,HR,48335
3865,Employee_3865,Marketing,87973
3866,Employee_3866,Finance,53019
3867,Employee_3867,IT,92648
3868,Employee_3868,Marketing,66699
3869,Employee_3869,IT,54364
3870,Employee_3870,Finance,59116
3871,Employee_3871,Sales,37743
3872,Employee_3872,IT,98455
3873,Employee_3873,Sales,86449
3874,Employee_3874,Finance,94292
3875,Employee_3875,Marketing,37128
3876,Employee_3876,Marketing,59189
3877,Employee_3877,HR,86798
3878,Employee_3878,Sales,77582
3879,Employee_3879,IT,38546
3880,Employee_3880,HR,46439
3881,Employee_3881,Sales,55325
3882,Employee_3882,HR,51995
3883,Employee_3883,Finance,40970
3884,Employee_3884,IT,61334
3885,Employee_3885,IT,63601
3886,Employee_3886,HR,39904
3887,Employee_3887,HR,55973
3888,Employee_3888,HR,86195
3889,Employee_3889,HR,56025
3890,Employee_3890,HR,87544
3891,Employee_3891,IT,87728
3892,Employee_3892,IT,64925
3893,Employee_3893,Finance,57982
3894,Employee_3894,HR,30609
3895,Employee_3895,HR,57581
3896,Employee_3896,HR,59028
3897,Employee_3897,HR,47445
3898,Employee_3898,HR,43568
3899,Employee_3899,Sales,98990
3900,Employee_3900,Marketing,90038
3901,Employee_3901,Sales,92500
3902,Employee_3902,IT,83094
3903,Employee_3903,Sales,46374
3904,Employee_3904,Marketing,46203
3905,Employee_3905,IT,95373
3906,Employee_3906,Sales,58519
3907,Employee_3907,Marketing,75369
3908,Employee_3908,Marketing,94470
3909,Employee_3909,Marketing,36756
3910,Employee_3910,Sales,72414
3911,Employee_3911,HR,95117
3912,Employee_3912,IT,38911
3913,Employee_3913,Sales,54042
3914,Employee_3914,Finance,34053
3915,Employee_3915,Marketing,30905
3916,Employee_3916,Sales,92223
3917,Employee_3917,Marketing,75038
3918,Employee_3918,Marketing,79419
3919,Employee_3919,IT,74768
3920,Employee_3920,IT,91357
3921,Employee_3921,Marketing,33367
3922,Employee_3922,IT,85564
3923,Employee_3923,Marketing,69240
3924,Employee_3924,Marketing,96649
3925,Employee_3925,Marketing,73421
3926,Employee_3926,Finance,52283
3927,Employee_3927,IT,89520
3928,Employee_3928,HR,39083
3929,Employee_3929,IT,65485
3930,Employee_3930,HR,56658
3931,Employee_3931,IT,30822
3932,Employee_3932,Sales,69654
3933,Employee_3933,HR,60665
3934,Employee_3934,HR,50533
3935,Employee_3935,HR,90082
3936,Employee_3936,Marketing,67554
3937,Employee_3937,HR,69231
3938,Employee_3938,Finance,69380
3939,Employee_3939,IT,63750
3940,Employee_3940,Marketing,63293
3941,Employee_3941,Sales,95112
3942,Employee_3942,Marketing,56816
3943,Employee_3943,Marketing,40005
3944,Employee_3944,Finance,81053
3945,Employee_3945,Marketing,88756
3946,Employee_3946,IT,62446
3947,Employee_3947,Finance,95263
3948,Employee_3948,HR,47433
3949,Employee_3949,Sales,47043
3950,Employee_3950,Finance,92188
3951,Employee_3951,Marketing,88936
3952,Employee_3952,HR,41140
3953,Employee_3953,Finance,52751
3954,Employee_3954,Finance,56048
3955,Employee_3955,HR,82293
3956,Employee_3956,Sales,46455
3957,Employee_3957,Sales,71919
3958,Employee_3958,IT,54794
3959,Employee_3959,Marketing,37502
3960,Employee_3960,Finance,96168
3961,Employee_3961,Finance,39855
3962,Employee_3962,Finance,92078
3963,Employee_3963,Finance,77762
3964,Employee_3964,IT,70172
3965,Employee_3965,Marketing,67505
3966,Employee_3966,Finance,41527
3967,Employee_3967,Sales,81887
3968,Employee_3968,Finance,33882
3969,Employee_3969,Finance,81183
3970,Employee_3970,IT,91377
3971,Employee_3971,Marketing,65066
3972,Employee_3972,Sales,74178
3973,Employee_3973,IT,99159
3974,Employee_3974,HR,73246
3975,Employee_3975,Sales,46978
3976,Employee_3976,HR,84895
3977,Employee_3977,IT,47693
3978,Employee_3978,Sales,58363
3979,Employee_3979,HR,57216
3980,Employee_3980,IT,64602
3981,Employee_3981,IT,36233
3982,Employee_3982,IT,52146
3983,Employee_3983,HR,56178
3984,Employee_3984,IT,91339
3985,Employee_3985,Sales,42716
3986,Employee_3986,Sales,58497
3987,Employee_3987,IT,43676
3988,Employee_3988,HR,93341
3989,Employee_3989,IT,48485
3990,Employee_3990,Sales,92834
3991,Employee_3991,Finance,56210
3992,Employee_3992,Finance,71873
3993,Employee_3993,Finance,78402
3994,Employee_3994,Marketing,88401
3995,Employee_3995,Marketing,83658
3996,Employee_3996,Finance,50478
3997,Employee_3997,HR,42167
3998,Employee_3998,HR,84885
3999,Employee_3999,Finance,76693
4000,Employee_4000,IT,65922
4001,Employee_4001,Sales,82395
4002,Employee_4002,Sales,45364
4003,Employee_4003,Marketing,67261
4004,Employee_4004,HR,66988
4005,Employee_4005,HR,41978
4006,Employee_4006,Sales,57040
4007,Employee_4007,Marketing,87692
4008,Employee_4008,Marketing,95123
4009,Employee_4009,Finance,47696
4010,Employee_4010,Marketing,59999
4011,Employee_4011,Sales,59136
4012,Employee_4012,HR,96059
4013,Employee_4013,IT,70329
4014,Employee_4014,Sales,65685
4015,Employee_4015,HR,33766
4016,Employee_4016,Sales,96452
4017,Employee_4017,Finance,76044
4018,Employee_4018,Marketing,88488
4019,Employee_4019,Marketing,56110
4020,Employee_4020,Finance,86373
4021,Employee_4021,Finance,56715
4022,Employee_4022,Sales,78149
4023,Employee_4023,IT,92649
4024,Employee_4024,IT,30211
4025,Employee_4025,IT,42131
4026,Employee_4026,Marketing,50593
4027,Employee_4027,Sales,65842
4028,Employee_4028,HR,79038
4029,Employee_4029,Sales,50205
4030,Employee_4030,Finance,85247
4031,Employee_4031,Sales,66943
4032,Employee_4032,Finance,41503
4033,Employee_4033,Sales,60463
4034,Employee_4034,Finance,34990
4035,Employee_4035,HR,66630
4036,Employee_4036,Finance,73333
4037,Employee_4037,HR,99036
4038,Employee_4038,HR,85430
4039,Employee_4039,HR,70364
4040,Employee_4040,HR,60202
4041,Employee_4041,Marketing,50707
4042,Employee_4042,IT,81448
4043,Employee_4043,Finance,79750
4044,Employee_4044,IT,61197
4045,Employee_4045,Sales,58136
4046,Employee_4046,Finance,39325
4047,Employee_4047,Finance,43807
4048,Employee_4048,Marketing,89843
4049,Employee_4049,Sales,45627
4050,Employee_4050,Marketing,52714
4051,Employee_4051,Marketing,70184
4052,Employee_4052,Finance,96592
4053,Employee_4053,Sales,53590
4054,Employee_4054,Marketing,45819
4055,Employee_4055,Marketing,49780
4056,Employee_4056,HR,99807
4057,Employee_4057,HR,97872
4058,Employee_4058,Finance,95999
4059,Employee_4059,IT,56475
4060,Employee_4060,Marketing,51554
4061,Employee_4061,Sales,63766
4062,Employee_4062,Finance,61479
4063,Employee_4063,Finance,95450
4064,Employee_4064,IT,41357
4065,Employee_4065,Finance,60250
4066,Employee_4066,Sales,34853
4067,Employee_4067,HR,36334
4068,Employee_4068,Marketing,83234
4069,Employee_4069,Sales,80079
4070,Employee_4070,IT,73695
4071,Employee_4071,Sales,93862
4072,Employee_4072,Marketing,40615
4073,Employee_4073,HR,58920
4074,Employee_4074,Finance,95319
4075,Employee_4075,HR,89288
4076,Employee_4076,IT,53138
4077,Employee_4077,IT,40486
4078,Employee_4078,Finance,96478
4079,Employee_4079,Sales,70827
4080,Employee_4080,Sales,72065
4081,Employee_4081,Marketing,89745
4082,Employee_4082,Finance,77913
4083,Employee_4083,Marketing,79710
4084,Employee_4084,IT,54317
4085,Employee_4085,Finance,48056
4086,Employee_4086,Marketing,38500
4087,Employee_4087,Finance,90755
4088,Employee_4088,Sales,44208
4089,Employee_4089,Marketing,86930
4090,Employee_4090,IT,67783
4091,Employee_4091,Sales,63568
4092,Employee_4092,IT,56113
4093,Employee_4093,Finance,83264
4094,Employee_4094,Finance,51778
4095,Employee_4095,IT,31604
4096,Employee_4096,Finance,71350
4097,Employee_4097,IT,78764
4098,Employee_4098,HR,75786
4099,Employee_4099,Sales,57714
4100,Employee_4100,Finance,79757
4101,Employee_4101,IT,77768
4102,Employee_4102,Marketing,79699
4103,Employee_4103,Finance,79184
4104,Employee_4104,Marketing,99940
4105,Employee_4105,Sales,34405
4106,Employee_4106,Sales,63039
4107,Employee_4107,IT,71389
4108,Employee_4108,IT,67126
4109,Employee_4109,IT,49290
4110,Employee_4110,IT,41262
4111,Employee_4111,Marketing,59044
4112,Employee_4112,HR,54523
4113,Employee_4113,Marketing,59668
4114,Employee_4114,HR,72873
4115,Employee_4115,HR,58284
4116,Employee_4116,HR,83353
4117,Employee_4117,HR,51853
4118,Employee_4118,Finance,64745
4119,Employee_4119,Sales,80893
4120,Employee_4120,HR,90643
4121,Employee_4121,Sales,46095
4122,Employee_4122,Sales,71519
4123,Employee_4123,Sales,41142
4124,Employee_4124,Sales,35710
4125,Employee_4125,IT,55317
4126,Employee_4126,Finance,60956
4127,Employee_4127,Sales,86795
4128,Employee_4128,Marketing,51185
4129,Employee_4129,Sales,70407
4130,Employee_4130,HR,83972
4131,Employee_4131,Finance,65580
4132,Employee_4132,Marketing,58459
4133,Employee_4133,Sales,74710
4134,Employee_4134,Marketing,95070
4135,Employee_4135,Finance,82440
4136,Employee_4136,Sales,31108
4137,Employee_4137,IT,86502
4138,Employee_4138,Finance,91319
4139,Employee_4139,IT,82286
4140,Employee_4140,Finance,60148
4141,Employee_4141,Sales,42716
4142,Employee_4142,Sales,93167
4143,Employee_4143,Sales,57955
4144,Employee_4144,HR,84415
4145,Employee_4145,Marketing,31462
4146,Employee_4146,HR,53532
4147,Employee_4147,Finance,70260
4148,Employee_4148,Marketing,64888
4149,Employee_4149,Marketing,85672
4150,Employee_4150,Marketing,45916
4151,Employee_4151,IT,40460
4152,Employee_4152,Finance,60702
4153,Employee_4153,Finance,66786
4154,Employee_4154,Sales,66253
4155,Employee_4155,Marketing,77614
4156,Employee_4156,Finance,48920
4157,Employee_4157,HR,64990
4158,Employee_4158,IT,93882
4159,Employee_4159,Sales,46043
4160,Employee_4160,Finance,52178
4161,Employee_4161,Marketing,94996
4162,Employee_4162,Marketing,31010
4163,Employee_4163,Marketing,95303
4164,Employee_4164,Finance,74317
4165,Employee_4165,Sales,78520
4166,Employee_4166,Sales,87470
4167,Employee_4167,Sales,40000
4168,Employee_4168,Finance,66386
4169,Employee_4169,IT,79847
4170,Employee_4170,HR,66347
4171,Employee_4171,Marketing,88069
4172,Employee_4172,IT,84362
4173,Employee_4173,Marketing,56591
4174,Employee_4174,IT,42850
4175,Employee_4175,HR,93283
4176,Employee_4176,HR,42331
4177,Employee_4177,Finance,75711
4178,Employee_4178,IT,32762
4179,Employee_4179,HR,81414
4180,Employee_4180,Sales,80063
4181,Employee_4181,Marketing,98552
4182,Employee_4182,HR,30612
4183,Employee_4183,Finance,89298
4184,Employee_4184,HR,94320
4185,Employee_4185,Finance,51996
4186,Employee_4186,HR,56994
4187,Employee_4187,IT,74123
4188,Employee_4188,HR,80689
4189,Employee_4189,IT,80136
4190,Employee_4190,Marketing,96445
4191,Employee_4191,HR,75285
4192,Employee_4192,HR,48013
4193,Employee_4193,Sales,58643
4194,Employee_4194,Finance,32932
4195,Employee_4195,IT,98845
4196,Employee_4196,Finance,87781
4197,Employee_4197,HR,58923
4198,Employee_4198,IT,89411
4199,Employee_4199,Finance,85314
4200,Employee_4200,HR,76143
4201,Employee_4201,HR,53703
4202,Employee_4202,IT,69373
4203,Employee_4203,HR,43436
4204,Employee_4204,HR,79036
4205,Employee_4205,HR,69073
4206,Employee_4206,Finance,33475
4207,Employee_4207,HR,89287
4208,Employee_4208,Marketing,95356
4209,Employee_4209,HR,54660
4210,Employee_4210,Sales,97373
4211,Employee_4211,Marketing,38308
4212,Employee_4212,Finance,98968
4213,Employee_4213,Finance,91038
4214,Employee_4214,Sales,58368
4215,Employee_4215,Sales,51726
4216,Employee_4216,Marketing,41032
4217,Employee_4217,HR,51311
4218,Employee_4218,Sales,70788
4219,Employee_4219,IT,90521
4220,Employee_4220,Finance,34152
4221,Employee_4221,Finance,67971
4222,Employee_4222,Sales,92176
4223,Employee_4223,IT,90815
4224,Employee_4224,IT,37428
4225,Employee_4225,IT,97939
4226,Employee_4226,Marketing,72959
4227,Employee_4227,HR,58301
4228,Employee_4228,Marketing,42156
4229,Employee_4229,Sales,73671
4230,Employee_4230,HR,38035
4231,Employee_4231,Finance,45505
4232,Employee_4232,Finance,44006
4233,Employee_4233,HR,44492
4234,Employee_4234,IT,60973
4235,Employee_4235,Marketing,37778
4236,Employee_4236,Finance,78742
4237,Employee_4237,Finance,44886
4238,Employee_4238,Finance,95069
4239,Employee_4239,Sales,51762
4240,Employee_4240,HR,91446
4241,Employee_4241,Sales,83895
4242,Employee_4242,Marketing,78093
4243,Employee_4243,IT,95862
4244,Employee_4244,HR,77457
4245,Employee_4245,HR,67878
4246,Employee_4246,HR,44254
4247,Employee_4247,Finance,72051
4248,Employee_4248,HR,80699
4249,Employee_4249,Marketing,88349
4250,Employee_4250,Marketing,61007
4251,Employee_4251,Marketing,72483
4252,Employee_4252,IT,68342
4253,Employee_4253,Sales,81257
4254,Employee_4254,Marketing,42449
4255,Employee_4255,HR,88796
4256,Employee_4256,Finance,90961
4257,Employee_4257,Sales,97662
4258,Employee_4258,Sales,64740
4259,Employee_4259,IT,75005
4260,Employee_4260,IT,38861
4261,Employee_4261,Finance,73208
4262,Employee_4262,Marketing,44422
4263,Employee_4263,Marketing,83402
4264,Employee_4264,Finance,86963
4265,Employee_4265,Marketing,40189
4266,Employee_4266,Marketing,86088
4267,Employee_4267,Sales,40515
4268,Employee_4268,Marketing,95953
4269,Employee_4269,Sales,71215
4270,Employee_4270,Sales,59349
4271,Employee_4271,Sales,33075
4272,Employee_4272,IT,31164
4273,Employee_4273,IT,73968
4274,Employee_4274,Sales,64099
4275,Employee_4275,IT,74116
4276,Employee_4276,Finance,54541
4277,Employee_4277,HR,34781
4278,Employee_4278,IT,99053
4279,Employee_4279,Marketing,50665
4280,Employee_4280,IT,76501
4281,Employee_4281,HR,32975
4282,Employee_4282,HR,59811
4283,Employee_4283,Sales,43597
4284,Employee_4284,Sales,96979
4285,Employee_4285,Marketing,63064
4286,Employee_4286,HR,53241
4287,Employee_4287,Marketing,47391
4288,Employee_4288,Finance,68720
4289,Employee_4289,Sales,90838
4290,Employee_4290,IT,34519
4291,Employee_4291,Sales,87737
4292,Employee_4292,Marketing,43986
4293,Employee_4293,Marketing,67590
4294,Employee_4294,Sales,70503
4295,Employee_4295,Sales,80995
4296,Employee_4296,HR,52643
4297,Employee_4297,IT,83568
4298,Employee_4298,IT,94672
4299,Employee_4299,Finance,53219
4300,Employee_4300,Sales,73313
4301,Employee_4301,Sales,35500
4302,Employee_4302,Marketing,72327
4303,Employee_4303,IT,73809
4304,Employee_4304,HR,88687
4305,Employee_4305,Sales,65432
4306,Employee_4306,IT,55717
4307,Employee_4307,Sales,83838
4308,Employee_4308,HR,82959
4309,Employee_4309,Sales,63986
4310,Employee_4310,IT,84864
4311,Employee_4311,HR,59451
4312,Employee_4312,Finance,37829
4313,Employee_4313,HR,40568
4314,Employee_4314,IT,65180
4315,Employee_4315,IT,64925
4316,Employee_4316,HR,89673
4317,Employee_4317,Finance,82053
4318,Employee_4318,IT,45170
4319,Employee_4319,Finance,51621
4320,Employee_4320,HR,94687
4321,Employee_4321,Sales,69758
4322,Employee_4322,HR,54428
4323,Employee_4323,Marketing,72642
4324,Employee_4324,Sales,39721
4325,Employee_4325,Sales,93164
4326,Employee_4326,HR,36480
4327,Employee_4327,HR,55341
4328,Employee_4328,Finance,66758
4329,Employee_4329,HR,59706
4330,Employee_4330,Finance,50842
4331,Employee_4331,Sales,95981
4332,Employee_4332,Finance,51658
4333,Employee_4333,Sales,94143
4334,Employee_4334,Sales,77557
4335,Employee_4335,IT,96784
4336,Employee_4336,Marketing,79923
4337,Employee_4337,IT,64544
4338,Employee_4338,Finance,65968
4339,Employee_4339,IT,37590
4340,Employee_4340,Finance,65078
4341,Employee_4341,Finance,60386
4342,Employee_4342,Sales,95162
4343,Employee_4343,HR,47097
4344,Employee_4344,IT,35064
4345,Employee_4345,HR,34671
4346,Employee_4346,IT,74917
4347,Employee_4347,HR,49396
4348,Employee_4348,Finance,65492
4349,Employee_4349,Marketing,40248
4350,Employee_4350,Sales,98109
4351,Employee_4351,Finance,95736
4352,Employee_4352,Sales,57650
4353,Employee_4353,IT,36882
4354,Employee_4354,Sales,92384
4355,Employee_4355,HR,44365
4356,Employee_4356,HR,55131
4357,Employee_4357,HR,51240
4358,Employee_4358,Finance,81182
4359,Employee_4359,HR,94999
4360,Employee_4360,Finance,48555
4361,Employee_4361,Sales,39602
4362,Employee_4362,HR,60635
4363,Employee_4363,Marketing,89017
4364,Employee_4364,Finance,60420
4365,Employee_4365,HR,49447
4366,Employee_4366,Sales,40257
4367,Employee_4367,IT,62180
4368,Employee_4368,IT,38435
4369,Employee_4369,Finance,37475
4370,Employee_4370,Marketing,63757
4371,Employee_4371,HR,74367
4372,Employee_4372,Sales,48405
4373,Employee_4373,Marketing,68737
4374,Employee_4374,Sales,44417
4375,Employee_4375,HR,46397
4376,Employee_4376,Marketing,36971
4377,Employee_4377,Sales,50854
4378,Employee_4378,Marketing,75018
4379,Employee_4379,Sales,87183
4380,Employee_4380,HR,58919
4381,Employee_4381,Finance,76983
4382,Employee_4382,IT,88518
4383,Employee_4383,IT,63014
4384,Employee_4384,HR,45774
4385,Employee_4385,Finance,36926
4386,Employee_4386,Sales,65570
4387,Employee_4387,IT,61948
4388,Employee_4388,Sales,59020
4389,Employee_4389,Finance,30773
4390,Employee_4390,Sales,47978
4391,Employee_4391,HR,89860
4392,Employee_4392,Sales,90525
4393,Employee_4393,Marketing,54179
4394,Employee_4394,Sales,51201
4395,Employee_4395,Finance,59158
4396,Employee_4396,Finance,49520
4397,Employee_4397,IT,99807
4398,Employee_4398,Sales,99577
4399,Employee_4399,HR,98143
4400,Employee_4400,Sales,96671
4401,Employee_4401,Marketing,42145
4402,Employee_4402,Marketing,40888
4403,Employee_4403,HR,43497
4404,Employee_4404,HR,30502
4405,Employee_4405,IT,85613
4406,Employee_4406,Sales,60250
4407,Employee_4407,Sales,81776
4408,Employee_4408,HR,77937
4409,Employee_4409,Marketing,44915
4410,Employee_4410,HR,80556
4411,Employee_4411,Marketing,55276
4412,Employee_4412,IT,55306
4413,Employee_4413,IT,58230
4414,Employee_4414,IT,81314
4415,Employee_4415,IT,97481
4416,Employee_4416,Sales,32536
4417,Employee_4417,Marketing,99917
4418,Employee_4418,Finance,66771
4419,Employee_4419,Marketing,34870
4420,Employee_4420,HR,86130
4421,Employee_4421,HR,81611
4422,Employee_4422,Marketing,91543
4423,Employee_4423,Sales,40929
4424,Employee_4424,IT,61103
4425,Employee_4425,Sales,67331
4426,Employee_4426,Finance,54788
4427,Employee_4427,Finance,62212
4428,Employee_4428,Marketing,61417
4429,Employee_4429,IT,59226
4430,Employee_4430,Marketing,95411
4431,Employee_4431,IT,45274
4432,Employee_4432,Finance,87284
4433,Employee_4433,Sales,45926
4434,Employee_4434,Marketing,36878
4435,Employee_4435,IT,46083
4436,Employee_4436,Finance,98970
4437,Employee_4437,Sales,81200
4438,Employee_4438,Finance,96536
4439,Employee_4439,Marketing,60706
4440,Employee_4440,Finance,32575
4441,Employee_4441,Sales,59776
4442,Employee_4442,IT,56167
4443,Employee_4443,HR,81078
4444,Employee_4444,Finance,65263
4445,Employee_4445,Marketing,36476
4446,Employee_4446,Finance,50130
4447,Employee_4447,Finance,65323
4448,Employee_4448,HR,49009
4449,Employee_4449,HR,75580
4450,Employee_4450,Sales,58751
4451,Employee_4451,IT,89687
4452,Employee_4452,Finance,49532
4453,Employee_4453,Finance,75546
4454,Employee_4454,HR,45506
4455,Employee_4455,Marketing,83359
4456,Employee_4456,HR,43244
4457,Employee_4457,HR,50505
4458,Employee_4458,Sales,45319
4459,Employee_4459,Marketing,76370
4460,Employee_4460,Marketing,75450
4461,Employee_4461,Sales,37415
4462,Employee_4462,IT,64962
4463,Employee_4463,Finance,80560
4464,Employee_4464,Marketing,54874
4465,Employee_4465,HR,41215
4466,Employee_4466,Marketing,80009
4467,Employee_4467,Finance,37800
4468,Employee_4468,Marketing,73436
4469,Employee_4469,Finance,37564
4470,Employee_4470,Finance,67923
4471,Employee_4471,Marketing,93077
4472,Employee_4472,Sales,85450
4473,Employee_4473,IT,57381
4474,Employee_4474,IT,84079
4475,Employee_4475,HR,74691
4476,Employee_4476,Finance,31111
4477,Employee_4477,IT,82567
4478,Employee_4478,Marketing,57036
4479,Employee_4479,Sales,69064
4480,Employee_4480,Sales,47167
4481,Employee_4481,Finance,34417
4482,Employee_4482,HR,57401
4483,Employee_4483,HR,84652
4484,Employee_4484,IT,97061
4485,Employee_4485,HR,34551
4486,Employee_4486,Marketing,42395
4487,Employee_4487,Finance,41486
4488,Employee_4488,Marketing,36696
4489,Employee_4489,IT,76415
4490,Employee_4490,Marketing,95880
4491,Employee_4491,Sales,84935
4492,Employee_4492,Sales,91950
4493,Employee_4493,IT,58458
4494,Employee_4494,HR,54129
4495,Employee_4495,Finance,98938
4496,Employee_4496,IT,71361
4497,Employee_4497,IT,97859
4498,Employee_4498,HR,71325
4499,Employee_4499,HR,72184
4500,Employee_4500,HR,35694
4501,Employee_4501,IT,94656
4502,Employee_4502,Marketing,55269
4503,Employee_4503,IT,85333
4504,Employee_4504,IT,45083
4505,Employee_4505,Finance,33411
4506,Employee_4506,Marketing,84754
4507,Employee_4507,IT,78228
4508,Employee_4508,IT,81014
4509,Employee_4509,Sales,54207
4510,Employee_4510,Sales,64445
4511,Employee_4511,Finance,57737
4512,Employee_4512,Marketing,79006
4513,Employee_4513,Marketing,47214
4514,Employee_4514,Marketing,36698
4515,Employee_4515,Sales,84905
4516,Employee_4516,Sales,54179
4517,Employee_4517,HR,89540
4518,Employee_4518,Finance,79253
4519,Employee_4519,Sales,41873
4520,Employee_4520,Finance,37080
4521,Employee_4521,Marketing,73108
4522,Employee_4522,Finance,97429
4523,Employee_4523,HR,55346
4524,Employee_4524,Sales,45984
4525,Employee_4525,Finance,77668
4526,Employee_4526,Finance,41579
4527,Employee_4527,IT,36176
4528,Employee_4528,HR,91195
4529,Employee_4529,Sales,42015
4530,Employee_4530,IT,90648
4531,Employee_4531,IT,60045
4532,Employee_4532,Marketing,65352
4533,Employee_4533,Marketing,33450
4534,Employee_4534,Sales,87565
4535,Employee_4535,HR,58487
4536,Employee_4536,Marketing,63787
4537,Employee_4537,IT,99499
4538,Employee_4538,Marketing,90751
4539,Employee_4539,IT,56141
4540,Employee_4540,Finance,63777
4541,Employee_4541,IT,85996
4542,Employee_4542,HR,58228
4543,Employee_4543,Marketing,86254
4544,Employee_4544,Sales,32373
4545,Employee_4545,HR,40345
4546,Employee_4546,Marketing,97266
4547,Employee_4547,Marketing,95108
4548,Employee_4548,Finance,83524
4549,Employee_4549,Finance,77904
4550,Employee_4550,HR,88002
4551,Employee_4551,Sales,72278
4552,Employee_4552,IT,57576
4553,Employee_4553,Sales,38148
4554,Employee_4554,HR,70047
4555,Employee_4555,Finance,81683
4556,Employee_4556,HR,51047
4557,Employee_4557,IT,55247
4558,Employee_4558,Marketing,76995
4559,Employee_4559,Marketing,56566
4560,Employee_4560,Sales,41010
4561,Employee_4561,IT,72876
4562,Employee_4562,IT,57973
4563,Employee_4563,HR,55848
4564,Employee_4564,HR,63193
4565,Employee_4565,IT,35809
4566,Employee_4566,HR,30096
4567,Employee_4567,IT,60332
4568,Employee_4568,HR,84659
4569,Employee_4569,Marketing,88444
4570,Employee_4570,IT,30077
4571,Employee_4571,Sales,80652
4572,Employee_4572,Marketing,68897
4573,Employee_4573,Finance,46932
4574,Employee_4574,Finance,52982
4575,Employee_4575,HR,62376
4576,Employee_4576,IT,69153
4577,Employee_4577,Sales,64475
4578,Employee_4578,IT,38190
4579,Employee_4579,HR,49947
4580,Employee_4580,Sales,72220
4581,Employee_4581,Finance,74874
4582,Employee_4582,Sales,88390
4583,Employee_4583,Finance,79517
4584,Employee_4584,HR,78419
4585,Employee_4585,Marketing,51876
4586,Employee_4586,HR,40089
4587,Employee_4587,Marketing,61719
4588,Employee_4588,Finance,51745
4589,Employee_4589,Marketing,39963
4590,Employee_4590,Finance,45753
4591,Employee_4591,Finance,77127
4592,Employee_4592,Marketing,65138
4593,Employee_4593,Sales,67067
4594,Employee_4594,Marketing,89761
4595,Employee_4595,Marketing,95859
4596,Employee_4596,Sales,85220
4597,Employee_4597,Sales,92188
4598,Employee_4598,Marketing,83801
4599,Employee_4599,HR,88824
4600,Employee_4600,Marketing,69976
4601,Employee_4601,Sales,62552
4602,Employee_4602,HR,63380
4603,Employee_4603,IT,34928
4604,Employee_4604,HR,68081
4605,Employee_4605,IT,86183
4606,Employee_4606,IT,39393
4607,Employee_4607,HR,96020
4608,Employee_4608,HR,74250
4609,Employee_4609,Sales,52435
4610,Employee_4610,Sales,85184
4611,Employee_4611,IT,48659
4612,Employee_4612,Marketing,72794
4613,Employee_4613,Marketing,80911
4614,Employee_4614,IT,84135
4615,Employee_4615,HR,52270
4616,Employee_4616,Marketing,48337
4617,Employee_4617,HR,36995
4618,Employee_4618,Marketing,75778
4619,Employee_4619,HR,35055
4620,Employee_4620,HR,92053
4621,Employee_4621,IT,97428
4622,Employee_4622,Marketing,81124
4623,Employee_4623,Sales,75419
4624,Employee_4624,Marketing,89357
4625,Employee_4625,Sales,90980
4626,Employee_4626,IT,33880
4627,Employee_4627,Finance,36248
4628,Employee_4628,IT,94306
4629,Employee_4629,HR,80801
4630,Employee_4630,Marketing,34046
4631,Employee_4631,Marketing,54993
4632,Employee_4632,Finance,51960
4633,Employee_4633,Marketing,69766
4634,Employee_4634,Marketing,91759
4635,Employee_4635,IT,48098
4636,Employee_4636,Finance,41471
4637,Employee_4637,Marketing,38005
4638,Employee_4638,Finance,94195
4639,Employee_4639,Sales,55376
4640,Employee_4640,HR,36213
4641,Employee_4641,Marketing,42274
4642,Employee_4642,Sales,86785
4643,Employee_4643,HR,31727
4644,Employee_4644,HR,76897
4645,Employee_4645,HR,97008
4646,Employee_4646,HR,90966
4647,Employee_4647,Sales,95817
4648,Employee_4648,HR,79665
4649,Employee_4649,HR,51549
4650,Employee_4650,Sales,97073
4651,Employee_4651,Marketing,63204
4652,Employee_4652,Marketing,82952
4653,Employee_4653,Marketing,40144
4654,Employee_4654,HR,37948
4655,Employee_4655,Finance,49520
4656,Employee_4656,Finance,96837
4657,Employee_4657,Finance,98612
4658,Employee_4658,HR,45404
4659,Employee_4659,Marketing,38185
4660,Employee_4660,Sales,37279
4661,Employee_4661,IT,97163
4662,Employee_4662,Finance,37164
4663,Employee_4663,Finance,82170
4664,Employee_4664,IT,78162
4665,Employee_4665,Sales,88856
4666,Employee_4666,Marketing,60217
4667,Employee_4667,HR,45032
4668,Employee_4668,IT,96965
4669,Employee_4669,IT,92153
4670,Employee_4670,Marketing,94477
4671,Employee_4671,IT,44186
4672,Employee_4672,Sales,36642
4673,Employee_4673,Finance,39754
4674,Employee_4674,Marketing,42969
4675,Employee_4675,IT,48666
4676,Employee_4676,Sales,95134
4677,Employee_4677,IT,66769
4678,Employee_4678,Marketing,54496
4679,Employee_4679,Marketing,37528
4680,Employee_4680,HR,70191
4681,Employee_4681,Sales,38379
4682,Employee_4682,Marketing,95404
4683,Employee_4683,Marketing,44083
4684,Employee_4684,Finance,65432
4685,Employee_4685,Sales,85683
4686,Employee_4686,HR,94291
4687,Employee_4687,IT,60100
4688,Employee_4688,HR,57704
4689,Employee_4689,Finance,62863
4690,Employee_4690,IT,59140
4691,Employee_4691,Marketing,63684
4692,Employee_4692,Finance,76915
4693,Employee_4693,Sales,75814
4694,Employee_4694,Finance,57029
4695,Employee_4695,Sales,46380
4696,Employee_4696,Finance,54661
4697,Employee_4697,IT,90275
4698,Employee_4698,Marketing,35881
4699,Employee_4699,IT,54893
4700,Employee_4700,Sales,98343
4701,Employee_4701,HR,70486
4702,Employee_4702,Sales,72804
4703,Employee_4703,Finance,89873
4704,Employee_4704,Sales,81161
4705,Employee_4705,HR,47927
4706,Employee_4706,IT,79194
4707,Employee_4707,Marketing,51323
4708,Employee_4708,Marketing,30823
4709,Employee_4709,Marketing,93618
4710,Employee_4710,Marketing,41580
4711,Employee_4711,Marketing,75977
4712,Employee_4712,Marketing,64348
4713,Employee_4713,Marketing,78469
4714,Employee_4714,Finance,57303
4715,Employee_4715,Finance,78135
4716,Employee_4716,Sales,78177
4717,Employee_4717,HR,79597
4718,Employee_4718,HR,57603
4719,Employee_4719,Sales,63856
4720,Employee_4720,Marketing,40533
4721,Employee_4721,Sales,37558
4722,Employee_4722,IT,38474
4723,Employee_4723,IT,52405
4724,Employee_4724,Finance,82677
4725,Employee_4725,HR,70416
4726,Employee_4726,IT,54969
4727,Employee_4727,HR,61079
4728,Employee_4728,HR,58905
4729,Employee_4729,Finance,41871
4730,Employee_4730,Marketing,75254
4731,Employee_4731,Marketing,43836
4732,Employee_4732,IT,55617
4733,Employee_4733,Marketing,55988
4734,Employee_4734,IT,81616
4735,Employee_4735,Finance,85776
4736,Employee_4736,HR,64608
4737,Employee_4737,IT,83707
4738,Employee_4738,Sales,83199
4739,Employee_4739,Marketing,74107
4740,Employee_4740,HR,69715
4741,Employee_4741,HR,41182
4742,Employee_4742,Marketing,83302
4743,Employee_4743,Finance,89322
4744,Employee_4744,IT,92814
4745,Employee_4745,Finance,65395
4746,Employee_4746,IT,37412
4747,Employee_4747,Marketing,95471
4748,Employee_4748,Marketing,33163
4749,Employee_4749,Finance,88398
4750,Employee_4750,HR,35537
4751,Employee_4751,IT,57452
4752,Employee_4752,Sales,62073
4753,Employee_4753,Marketing,36318
4754,Employee_4754,Finance,50717
4755,Employee_4755,Finance,46611
4756,Employee_4756,Marketing,54742
4757,Employee_4757,HR,76540
4758,Employee_4758,Marketing,37584
4759,Employee_4759,HR,71125
4760,Employee_4760,Marketing,65949
4761,Employee_4761,IT,73066
4762,Employee_4762,HR,73713
4763,Employee_4763,Sales,95747
4764,Employee_4764,Sales,44207
4765,Employee_4765,Finance,70586
4766,Employee_4766,Marketing,99624
4767,Employee_4767,IT,74283
4768,Employee_4768,Marketing,49136
4769,Employee_4769,HR,98200
4770,Employee_4770,Finance,93625
4771,Employee_4771,HR,85471
4772,Employee_4772,Sales,84169
4773,Employee_4773,IT,77718
4774,Employee_4774,Finance,61895
4775,Employee_4775,HR,80146
4776,Employee_4776,Marketing,98697
4777,Employee_4777,HR,81575
4778,Employee_4778,Sales,31514
4779,Employee_4779,HR,35951
4780,Employee_4780,HR,95659
4781,Employee_4781,Marketing,51868
4782,Employee_4782,Sales,69675
4783,Employee_4783,HR,90709
4784,Employee_4784,Marketing,75041
4785,Employee_4785,Sales,63193
4786,Employee_4786,Finance,70035
4787,Employee_4787,Marketing,43968
4788,Employee_4788,Finance,90253
4789,Employee_4789,Sales,86098
4790,Employee_4790,Sales,41217
4791,Employee_4791,Sales,31647
4792,Employee_4792,HR,54251
4793,Employee_4793,Finance,51104
4794,Employee_4794,HR,48403
4795,Employee_4795,Marketing,56117
4796,Employee_4796,IT,55418
4797,Employee_4797,Marketing,30276
4798,Employee_4798,Marketing,34529
4799,Employee_4799,Finance,86414
4800,Employee_4800,Sales,39943
4801,Employee_4801,Sales,52225
4802,Employee_4802,Marketing,53540
4803,Employee_4803,Finance,78789
4804,Employee_4804,HR,50601
4805,Employee_4805,Finance,67801
4806,Employee_4806,Sales,39900
4807,Employee_4807,Finance,55001
4808,Employee_4808,IT,37538
4809,Employee_4809,Finance,31397
4810,Employee_4810,IT,88273
4811,Employee_4811,HR,41061
4812,Employee_4812,Finance,84795
4813,Employee_4813,HR,68493
4814,Employee_4814,Finance,67085
4815,Employee_4815,HR,39560
4816,Employee_4816,HR,84936
4817,Employee_4817,Sales,36520
4818,Employee_4818,Sales,49194
4819,Employee_4819,Finance,86303
4820,Employee_4820,IT,43365
4821,Employee_4821,HR,72475
4822,Employee_4822,Marketing,96440
4823,Employee_4823,Marketing,97158
4824,Employee_4824,Marketing,99902
4825,Employee_4825,HR,42732
4826,Employee_4826,Finance,96167
4827,Employee_4827,Sales,56872
4828,Employee_4828,HR,52675
4829,Employee_4829,Finance,53300
4830,Employee_4830,Marketing,35197
4831,Employee_4831,Sales,45109
4832,Employee_4832,Finance,91735
4833,Employee_4833,Finance,91901
4834,Employee_4834,Finance,99585
4835,Employee_4835,Sales,44773
4836,Employee_4836,IT,69089
4837,Employee_4837,Sales,91897
4838,Employee_4838,Marketing,97407
4839,Employee_4839,Marketing,74194
4840,Employee_4840,Finance,87464
4841,Employee_4841,Finance,78890
4842,Employee_4842,Finance,55387
4843,Employee_4843,Finance,38360
4844,Employee_4844,Marketing,42398
4845,Employee_4845,Sales,56581
4846,Employee_4846,IT,30950
4847,Employee_4847,IT,30900
4848,Employee_4848,HR,45483
4849,Employee_4849,HR,82535
4850,Employee_4850,HR,93167
4851,Employee_4851,Finance,92282
4852,Employee_4852,HR,53299
4853,Employee_4853,HR,65047
4854,Employee_4854,IT,80339
4855,Employee_4855,Finance,87564
4856,Employee_4856,Finance,47069
4857,Employee_4857,HR,35302
4858,Employee_4858,HR,65386
4859,Employee_4859,Sales,35072
4860,Employee_4860,Marketing,43055
4861,Employee_4861,IT,41483
4862,Employee_4862,Sales,76511
4863,Employee_4863,Finance,97102
4864,Employee_4864,Sales,35221
4865,Employee_4865,IT,80641
4866,Employee_4866,Sales,35255
4867,Employee_4867,Finance,95595
4868,Employee_4868,HR,48461
4869,Employee_4869,Marketing,75991
4870,Employee_4870,Marketing,62374
4871,Employee_4871,HR,65003
4872,Employee_4872,Sales,90620
4873,Employee_4873,Sales,69326
4874,Employee_4874,Marketing,36857
4875,Employee_4875,IT,95236
4876,Employee_4876,Marketing,85625
4877,Employee_4877,Finance,90526
4878,Employee_4878,IT,66099
4879,Employee_4879,Sales,69057
4880,Employee_4880,HR,76233
4881,Employee_4881,Finance,46130
4882,Employee_4882,Finance,36397
4883,Employee_4883,Marketing,91314
4884,Employee_4884,Finance,86061
4885,Employee_4885,IT,93863
4886,Employee_4886,Sales,47402
4887,Employee_4887,Sales,95745
4888,Employee_4888,HR,97689
4889,Employee_4889,Marketing,66078
4890,Employee_4890,IT,81157
4891,Employee_4891,HR,43799
4892,Employee_4892,Sales,85759
4893,Employee_4893,Marketing,32033
4894,Employee_4894,Sales,89825
4895,Employee_4895,Sales,46244
4896,Employee_4896,Finance,65756
4897,Employee_4897,HR,83432
4898,Employee_4898,Sales,95371
4899,Employee_4899,Marketing,76646
4900,Employee_4900,IT,98330
4901,Employee_4901,IT,77999
4902,Employee_4902,Finance,78834
4903,Employee_4903,IT,31937
4904,Employee_4904,Marketing,76335
4905,Employee_4905,IT,83517
4906,Employee_4906,IT,44565
4907,Employee_4907,HR,62002
4908,Employee_4908,Marketing,80585
4909,Employee_4909,Sales,62914
4910,Employee_4910,HR,91561
4911,Employee_4911,Sales,61295
4912,Employee_4912,Marketing,68354
4913,Employee_4913,HR,63168
4914,Employee_4914,Sales,33784
4915,Employee_4915,IT,41093
4916,Employee_4916,Sales,86507
4917,Employee_4917,Finance,42117
4918,Employee_4918,IT,82335
4919,Employee_4919,Sales,34749
4920,Employee_4920,Sales,86277
4921,Employee_4921,HR,34745
4922,Employee_4922,IT,97619
4923,Employee_4923,Sales,79748
4924,Employee_4924,Finance,37897
4925,Employee_4925,Sales,77303
4926,Employee_4926,Sales,34483
4927,Employee_4927,HR,82966
4928,Employee_4928,Sales,82898
4929,Employee_4929,Finance,93969
4930,Employee_4930,Finance,39149
4931,Employee_4931,Marketing,64446
4932,Employee_4932,Marketing,87670
4933,Employee_4933,IT,83706
4934,Employee_4934,Sales,54179
4935,Employee_4935,HR,80170
4936,Employee_4936,Marketing,32077
4937,Employee_4937,HR,78782
4938,Employee_4938,IT,72371
4939,Employee_4939,HR,86871
4940,Employee_4940,IT,77597
4941,Employee_4941,Finance,73577
4942,Employee_4942,HR,89882
4943,Employee_4943,Marketing,91132
4944,Employee_4944,Finance,98312
4945,Employee_4945,Sales,43315
4946,Employee_4946,Marketing,72395
4947,Employee_4947,Sales,86980
4948,Employee_4948,Sales,31971
4949,Employee_4949,HR,87904
4950,Employee_4950,HR,83145
4951,Employee_4951,Sales,99824
4952,Employee_4952,HR,34809
4953,Employee_4953,IT,53942
4954,Employee_4954,Sales,30663
4955,Employee_4955,HR,49440
4956,Employee_4956,Marketing,87099
4957,Employee_4957,HR,41272
4958,Employee_4958,Marketing,99140
4959,Employee_4959,HR,84658
4960,Employee_4960,Marketing,48196
4961,Employee_4961,HR,64733
4962,Employee_4962,Finance,34560
4963,Employee_4963,IT,71144
4964,Employee_4964,HR,60256
4965,Employee_4965,IT,63757
4966,Employee_4966,HR,59924
4967,Employee_4967,IT,47630
4968,Employee_4968,IT,61786
4969,Employee_4969,HR,49941
4970,Employee_4970,Finance,70680
4971,Employee_4971,HR,62751
4972,Employee_4972,Marketing,50142
4973,Employee_4973,Marketing,50079
4974,Employee_4974,Sales,56246
4975,Employee_4975,Sales,86385
4976,Employee_4976,Sales,75776
4977,Employee_4977,Finance,36087
4978,Employee_4978,Marketing,70006
4979,Employee_4979,Sales,87699
4980,Employee_4980,Sales,78576
4981,Employee_4981,Sales,37347
4982,Employee_4982,Sales,34937
4983,Employee_4983,IT,42076
4984,Employee_4984,IT,53129
4985,Employee_4985,Marketing,57782
4986,Employee_4986,HR,34143
4987,Employee_4987,Marketing,60959
4988,Employee_4988,Marketing,84750
4989,Employee_4989,HR,83453
4990,Employee_4990,Sales,78308
4991,Employee_4991,Marketing,30302
4992,Employee_4992,Finance,50630
4993,Employee_4993,IT,31336
4994,Employee_4994,HR,75963
4995,Employee_4995,HR,81616
4996,Employee_4996,Sales,39549
4997,Employee_4997,Finance,50982
4998,Employee_4998,Sales,70346
4999,Employee_4999,Marketing,90576
5000,Employee_5000,Marketing,89378
5001,Employee_5001,Marketing,70057
5002,Employee_5002,Marketing,42257
5003,Employee_5003,Marketing,48977
5004,Employee_5004,Finance,67271
5005,Employee_5005,IT,71343
5006,Employee_5006,HR,36136
5007,Employee_5007,HR,62696
5008,Employee_5008,Sales,76275
5009,Employee_5009,HR,32215
5010,Employee_5010,HR,77745
5011,Employee_5011,HR,97949
5012,Employee_5012,Finance,61220
5013,Employee_5013,IT,74718
5014,Employee_5014,Sales,93124
5015,Employee_5015,Finance,94594
5016,Employee_5016,Sales,49208
5017,Employee_5017,Sales,47448
5018,Employee_5018,HR,79643
5019,Employee_5019,Marketing,74358
5020,Employee_5020,Finance,65873
5021,Employee_5021,HR,71568
5022,Employee_5022,IT,71057
5023,Employee_5023,HR,72621
5024,Employee_5024,HR,30575
5025,Employee_5025,Finance,94495
5026,Employee_5026,IT,61067
5027,Employee_5027,Marketing,36335
5028,Employee_5028,Finance,99907
5029,Employee_5029,HR,81459
5030,Employee_5030,Marketing,64577
5031,Employee_5031,Marketing,64196
5032,Employee_5032,IT,77191
5033,Employee_5033,HR,99337
5034,Employee_5034,Finance,72470
5035,Employee_5035,IT,50765
5036,Employee_5036,Finance,66998
5037,Employee_5037,Marketing,85468
5038,Employee_5038,IT,61600
5039,Employee_5039,Sales,73517
5040,Employee_5040,Sales,61256
5041,Employee_5041,Marketing,77702
5042,Employee_5042,Marketing,30116
5043,Employee_5043,IT,87407
5044,Employee_5044,IT,72327
5045,Employee_5045,Sales,30029
5046,Employee_5046,Marketing,89585
5047,Employee_5047,IT,44861
5048,Employee_5048,IT,41562
5049,Employee_5049,Sales,57806
5050,Employee_5050,Sales,36995
5051,Employee_5051,Finance,33065
5052,Employee_5052,IT,37337
5053,Employee_5053,Finance,77407
5054,Employee_5054,IT,74221
5055,Employee_5055,HR,63772
5056,Employee_5056,Sales,56693
5057,Employee_5057,Sales,61409
5058,Employee_5058,Sales,85329
5059,Employee_5059,HR,76791
5060,Employee_5060,Marketing,93874
5061,Employee_5061,Marketing,95532
5062,Employee_5062,Finance,62241
5063,Employee_5063,HR,69372
5064,Employee_5064,IT,94044
5065,Employee_5065,Marketing,30621
5066,Employee_5066,Finance,76257
5067,Employee_5067,IT,39322
5068,Employee_5068,Sales,68619
5069,Employee_5069,Finance,39778
5070,Employee_5070,Sales,30114
5071,Employee_5071,Sales,68804
5072,Employee_5072,Finance,95697
5073,Employee_5073,HR,86217
5074,Employee_5074,IT,83111
5075,Employee_5075,HR,55498
5076,Employee_5076,IT,81502
5077,Employee_5077,IT,87251
5078,Employee_5078,Marketing,74103
5079,Employee_5079,Marketing,79506
5080,Employee_5080,Sales,90106
5081,Employee_5081,Marketing,61534
5082,Employee_5082,IT,84340
5083,Employee_5083,Sales,54746
5084,Employee_5084,Sales,66201
5085,Employee_5085,IT,63159
5086,Employee_5086,Finance,81445
5087,Employee_5087,IT,95145
5088,Employee_5088,Sales,44436
5089,Employee_5089,HR,47441
5090,Employee_5090,Sales,71820
5091,Employee_5091,HR,83602
5092,Employee_5092,Marketing,43252
5093,Employee_5093,IT,85427
5094,Employee_5094,Sales,56360
5095,Employee_5095,Sales,81556
5096,Employee_5096,Marketing,32975
5097,Employee_5097,IT,35871
5098,Employee_5098,Sales,51922
5099,Employee_5099,IT,83581
5100,Employee_5100,Marketing,88570
5101,Employee_5101,Finance,38326
5102,Employee_5102,Marketing,63366
5103,Employee_5103,HR,31082
5104,Employee_5104,Sales,51056
5105,Employee_5105,HR,30983
5106,Employee_5106,Sales,80664
5107,Employee_5107,Marketing,49466
5108,Employee_5108,HR,31131
5109,Employee_5109,Marketing,53413
5110,Employee_5110,Finance,92636
5111,Employee_5111,IT,78135
5112,Employee_5112,Marketing,79015
5113,Employee_5113,Marketing,55281
5114,Employee_5114,HR,38323
5115,Employee_5115,Marketing,85194
5116,Employee_5116,Finance,93767
5117,Employee_5117,Marketing,45544
5118,Employee_5118,Finance,30409
5119,Employee_5119,IT,54465
5120,Employee_5120,Sales,53640
5121,Employee_5121,HR,31496
5122,Employee_5122,Finance,30591
5123,Employee_5123,Sales,75874
5124,Employee_5124,Sales,67870
5125,Employee_5125,IT,77212
5126,Employee_5126,Finance,86292
5127,Employee_5127,Finance,73029
5128,Employee_5128,HR,60309
5129,Employee_5129,Sales,55537
5130,Employee_5130,Sales,84125
5131,Employee_5131,Marketing,96257
5132,Employee_5132,HR,61014
5133,Employee_5133,HR,84947
5134,Employee_5134,Finance,57820
5135,Employee_5135,HR,77690
5136,Employee_5136,HR,53118
5137,Employee_5137,IT,35373
5138,Employee_5138,Finance,83652
5139,Employee_5139,Marketing,68926
5140,Employee_5140,HR,40741
5141,Employee_5141,HR,44382
5142,Employee_5142,Sales,86896
5143,Employee_5143,Marketing,34035
5144,Employee_5144,Finance,54007
5145,Employee_5145,IT,95371
5146,Employee_5146,Sales,55433
5147,Employee_5147,HR,50674
5148,Employee_5148,Finance,67693
5149,Employee_5149,Finance,55594
5150,Employee_5150,Sales,78551
5151,Employee_5151,HR,84178
5152,Employee_5152,IT,50375
5153,Employee_5153,Marketing,38859
5154,Employee_5154,Sales,42044
5155,Employee_5155,Sales,48520
5156,Employee_5156,Finance,60319
5157,Employee_5157,Marketing,89288
5158,Employee_5158,Sales,56583
5159,Employee_5159,Sales,62596
5160,Employee_5160,Marketing,79172
5161,Employee_5161,Finance,70408
5162,Employee_5162,Sales,90754
5163,Employee_5163,Finance,52239
5164,Employee_5164,HR,98919
5165,Employee_5165,Finance,74619
5166,Employee_5166,Finance,44589
5167,Employee_5167,Finance,36638
5168,Employee_5168,Sales,66887
5169,Employee_5169,HR,88554
5170,Employee_5170,Sales,41769
5171,Employee_5171,IT,89607
5172,Employee_5172,IT,77107
5173,Employee_5173,IT,75649
5174,Employee_5174,IT,72784
5175,Employee_5175,Marketing,58190
5176,Employee_5176,HR,88064
5177,Employee_5177,Sales,85651
5178,Employee_5178,HR,48478
5179,Employee_5179,IT,71970
5180,Employee_5180,Marketing,86376
5181,Employee_5181,Finance,38616
5182,Employee_5182,HR,89443
5183,Employee_5183,HR,76571
5184,Employee_5184,Finance,91718
5185,Employee_5185,IT,68770
5186,Employee_5186,Marketing,72548
5187,Employee_5187,HR,96567
5188,Employee_5188,Sales,66144
5189,Employee_5189,Marketing,94027
5190,Employee_5190,HR,81912
5191,Employee_5191,Sales,84962
5192,Employee_5192,IT,46789
5193,Employee_5193,Marketing,47996
5194,Employee_5194,Finance,30623
5195,Employee_5195,IT,99823
5196,Employee_5196,IT,57255
5197,Employee_5197,IT,44642
5198,Employee_5198,HR,33387
5199,Employee_5199,HR,92363
5200,Employee_5200,Finance,66475
5201,Employee_5201,Marketing,96151
5202,Employee_5202,HR,30245
5203,Employee_5203,HR,88101
5204,Employee_5204,Sales,98075
5205,Employee_5205,IT,66364
5206,Employee_5206,Sales,92747
5207,Employee_5207,Finance,99381
5208,Employee_5208,Sales,92942
5209,Employee_5209,IT,88690
5210,Employee_5210,HR,78143
5211,Employee_5211,Finance,59200
5212,Employee_5212,Sales,43666
5213,Employee_5213,Sales,94344
5214,Employee_5214,HR,94157
5215,Employee_5215,IT,79959
5216,Employee_5216,HR,56693
5217,Employee_5217,Finance,30087
5218,Employee_5218,Marketing,59751
5219,Employee_5219,IT,58342
5220,Employee_5220,Finance,81878
5221,Employee_5221,IT,58526
5222,Employee_5222,Sales,52141
5223,Employee_5223,Marketing,31008
5224,Employee_5224,Sales,69704
5225,Employee_5225,HR,71301
5226,Employee_5226,HR,71994
5227,Employee_5227,Sales,74381
5228,Employee_5228,Finance,33819
5229,Employee_5229,Marketing,90659
5230,Employee_5230,Marketing,57669
5231,Employee_5231,IT,31564
5232,Employee_5232,Sales,57499
5233,Employee_5233,HR,36683
5234,Employee_5234,HR,32968
5235,Employee_5235,HR,54864
5236,Employee_5236,Marketing,44078
5237,Employee_5237,Sales,83593
5238,Employee_5238,IT,47784
5239,Employee_5239,Finance,56403
5240,Employee_5240,IT,43091
5241,Employee_5241,IT,42371
5242,Employee_5242,IT,53147
5243,Employee_5243,IT,32791
5244,Employee_5244,IT,73058
5245,Employee_5245,Sales,42458
5246,Employee_5246,IT,80357
5247,Employee_5247,Finance,87052
5248,Employee_5248,Finance,95926
5249,Employee_5249,HR,97485
5250,Employee_5250,HR,83229
5251,Employee_5251,HR,81233
5252,Employee_5252,HR,78241
5253,Employee_5253,Sales,64822
5254,Employee_5254,IT,71937
5255,Employee_5255,Sales,51804
5256,Employee_5256,IT,69420
5257,Employee_5257,Finance,96549
5258,Employee_5258,Sales,90908
5259,Employee_5259,Finance,61777
5260,Employee_5260,Marketing,97104
5261,Employee_5261,Marketing,44681
5262,Employee_5262,Finance,86673
5263,Employee_5263,Marketing,40554
5264,Employee_5264,IT,64746
5265,Employee_5265,IT,75353
5266,Employee_5266,Marketing,30009
5267,Employee_5267,Sales,95039
5268,Employee_5268,Marketing,61912
5269,Employee_5269,IT,39016
5270,Employee_5270,Finance,79252
5271,Employee_5271,HR,85973
5272,Employee_5272,Finance,45691
5273,Employee_5273,IT,97892
5274,Employee_5274,Sales,31432
5275,Employee_5275,Finance,92865
5276,Employee_5276,HR,72546
5277,Employee_5277,Finance,64705
5278,Employee_5278,HR,89231
5279,Employee_5279,IT,77761
5280,Employee_5280,Marketing,91959
5281,Employee_5281,Finance,67116
5282,Employee_5282,Finance,96182
5283,Employee_5283,Finance,52633
5284,Employee_5284,Sales,38620
5285,Employee_5285,HR,77675
5286,Employee_5286,Finance,87540
5287,Employee_5287,Finance,90267
5288,Employee_5288,Marketing,45689
5289,Employee_5289,Finance,90793
5290,Employee_5290,Finance,52083
5291,Employee_5291,Finance,56117
5292,Employee_5292,Marketing,32278
5293,Employee_5293,IT,35705
5294,Employee_5294,Marketing,55742
5295,Employee_5295,Marketing,76543
5296,Employee_5296,Sales,62466
5297,Employee_5297,IT,34085
5298,Employee_5298,Marketing,74156
5299,Employee_5299,Marketing,32732
5300,Employee_5300,IT,61666
5301,Employee_5301,IT,34689
5302,Employee_5302,Finance,77090
5303,Employee_5303,Marketing,61495
5304,Employee_5304,Sales,95870
5305,Employee_5305,IT,89082
5306,Employee_5306,Finance,33484
5307,Employee_5307,IT,74217
5308,Employee_5308,IT,38913
5309,Employee_5309,HR,59146
5310,Employee_5310,IT,44606
5311,Employee_5311,HR,78929
5312,Employee_5312,IT,88780
5313,Employee_5313,Marketing,55334
5314,Employee_5314,Marketing,53396
5315,Employee_5315,Sales,80211
5316,Employee_5316,HR,47765
5317,Employee_5317,IT,34255
5318,Employee_5318,Finance,62821
5319,Employee_5319,Marketing,65774
5320,Employee_5320,Sales,85825
5321,Employee_5321,Marketing,37446
5322,Employee_5322,IT,46280
5323,Employee_5323,Finance,52747
5324,Employee_5324,Finance,96639
5325,Employee_5325,HR,76410
5326,Employee_5326,IT,78499
5327,Employee_5327,Marketing,81266
5328,Employee_5328,IT,75047
5329,Employee_5329,Finance,67119
5330,Employee_5330,Finance,38625
5331,Employee_5331,Sales,86361
5332,Employee_5332,HR,98388
5333,Employee_5333,HR,74329
5334,Employee_5334,Finance,62645
5335,Employee_5335,IT,55660
5336,Employee_5336,HR,46364
5337,Employee_5337,Marketing,30904
5338,Employee_5338,Marketing,44835
5339,Employee_5339,IT,35473
5340,Employee_5340,Marketing,42398
5341,Employee_5341,IT,40938
5342,Employee_5342,Finance,70243
5343,Employee_5343,IT,81568
5344,Employee_5344,Marketing,61699
5345,Employee_5345,Marketing,92104
5346,Employee_5346,IT,89197
5347,Employee_5347,HR,54458
5348,Employee_5348,HR,57987
5349,Employee_5349,IT,71679
5350,Employee_5350,HR,93070
5351,Employee_5351,Marketing,61412
5352,Employee_5352,Sales,35297
5353,Employee_5353,IT,49295
5354,Employee_5354,Marketing,37000
5355,Employee_5355,Finance,63157
5356,Employee_5356,Marketing,85240
5357,Employee_5357,Marketing,45712
5358,Employee_5358,Sales,97536
5359,Employee_5359,Finance,75851
5360,Employee_5360,IT,80041
5361,Employee_5361,HR,98246
5362,Employee_5362,Marketing,59688
5363,Employee_5363,IT,34976
5364,Employee_5364,HR,39255
5365,Employee_5365,Sales,61157
5366,Employee_5366,Sales,38317
5367,Employee_5367,IT,98129
5368,Employee_5368,Marketing,70326
5369,Employee_5369,HR,96633
5370,Employee_5370,Marketing,52802
5371,Employee_5371,HR,89868
5372,Employee_5372,Sales,89786
5373,Employee_5373,Marketing,78744
5374,Employee_5374,Finance,38695
5375,Employee_5375,Marketing,42211
5376,Employee_5376,Sales,83176
5377,Employee_5377,Marketing,97639
5378,Employee_5378,HR,54313
5379,Employee_5379,IT,78237
5380,Employee_5380,Finance,44358
5381,Employee_5381,Marketing,96590
5382,Employee_5382,Finance,83115
5383,Employee_5383,Finance,92384
5384,Employee_5384,Marketing,90758
5385,Employee_5385,Finance,46427
5386,Employee_5386,Sales,80936
5387,Employee_5387,IT,39733
5388,Employee_5388,Finance,41896
5389,Employee_5389,Finance,51774
5390,Employee_5390,IT,59952
5391,Employee_5391,Finance,37996
5392,Employee_5392,Marketing,76568
5393,Employee_5393,HR,52701
5394,Employee_5394,HR,43333
5395,Employee_5395,HR,75039
5396,Employee_5396,HR,71812
5397,Employee_5397,Finance,36530
5398,Employee_5398,IT,92771
5399,Employee_5399,Sales,62766
5400,Employee_5400,Finance,71841
5401,Employee_5401,Finance,77660
5402,Employee_5402,Sales,55166
5403,Employee_5403,Sales,89031
5404,Employee_5404,IT,61211
5405,Employee_5405,Finance,50432
5406,Employee_5406,HR,36330
5407,Employee_5407,Marketing,49837
5408,Employee_5408,HR,83420
5409,Employee_5409,Sales,87780
5410,Employee_5410,Finance,33830
5411,Employee_5411,HR,70734
5412,Employee_5412,Sales,63853
5413,Employee_5413,IT,54271
5414,Employee_5414,HR,67490
5415,Employee_5415,HR,79344
5416,Employee_5416,Finance,33985
5417,Employee_5417,Sales,31397
5418,Employee_5418,HR,57852
5419,Employee_5419,Finance,87712
5420,Employee_5420,Finance,96671
5421,Employee_5421,Marketing,53943
5422,Employee_5422,Sales,94674
5423,Employee_5423,Sales,63106
5424,Employee_5424,Sales,45211
5425,Employee_5425,Sales,46080
5426,Employee_5426,Sales,80230
5427,Employee_5427,IT,39675
5428,Employee_5428,Finance,57523
5429,Employee_5429,HR,59188
5430,Employee_5430,HR,61600
5431,Employee_5431,Finance,32074
5432,Employee_5432,IT,61666
5433,Employee_5433,IT,71458
5434,Employee_5434,HR,96356
5435,Employee_5435,HR,56872
5436,Employee_5436,Finance,51734
5437,Employee_5437,Sales,32404
5438,Employee_5438,IT,71503
5439,Employee_5439,Finance,55511
5440,Employee_5440,Sales,81800
5441,Employee_5441,HR,58115
5442,Employee_5442,Marketing,34506
5443,Employee_5443,IT,80143
5444,Employee_5444,Marketing,93393
5445,Employee_5445,HR,46538
5446,Employee_5446,Sales,46315
5447,Employee_5447,Sales,43078
5448,Employee_5448,Marketing,99527
5449,Employee_5449,Sales,30197
5450,Employee_5450,IT,55768
5451,Employee_5451,Marketing,81994
5452,Employee_5452,Sales,81209
5453,Employee_5453,Sales,71082
5454,Employee_5454,IT,84063
5455,Employee_5455,Marketing,46060
5456,Employee_5456,HR,52548
5457,Employee_5457,IT,96996
5458,Employee_5458,IT,84098
5459,Employee_5459,IT,33380
5460,Employee_5460,Marketing,84770
5461,Employee_5461,HR,38200
5462,Employee_5462,HR,80606
5463,Employee_5463,Finance,95178
5464,Employee_5464,Finance,30700
5465,Employee_5465,Finance,92748
5466,Employee_5466,Sales,57058
5467,Employee_5467,Finance,62388
5468,Employee_5468,Marketing,34502
5469,Employee_5469,Marketing,72348
5470,Employee_5470,HR,75829
5471,Employee_5471,Sales,94927
5472,Employee_5472,Sales,79264
5473,Employee_5473,HR,94885
5474,Employee_5474,Sales,72203
5475,Employee_5475,Marketing,83348
5476,Employee_5476,Sales,49906
5477,Employee_5477,Marketing,86619
5478,Employee_5478,Marketing,76807
5479,Employee_5479,Sales,96933
5480,Employee_5480,Sales,43027
5481,Employee_5481,Finance,53998
5482,Employee_5482,Sales,96282
5483,Employee_5483,Finance,79618
5484,Employee_5484,IT,59543
5485,Employee_5485,HR,88896
5486,Employee_5486,Finance,81511
5487,Employee_5487,Finance,97703
5488,Employee_5488,Marketing,79065
5489,Employee_5489,HR,34677
5490,Employee_5490,Finance,36034
5491,Employee_5491,IT,72959
5492,Employee_5492,Marketing,65630
5493,Employee_5493,IT,58338
5494,Employee_5494,Sales,60613
5495,Employee_5495,HR,58915
5496,Employee_5496,HR,80093
5497,Employee_5497,IT,40505
5498,Employee_5498,HR,60093
5499,Employee_5499,IT,61388
5500,Employee_5500,IT,70051
5501,Employee_5501,IT,30242
5502,Employee_5502,Marketing,41627
5503,Employee_5503,Finance,73809
5504,Employee_5504,IT,95804
5505,Employee_5505,Marketing,81516
5506,Employee_5506,Marketing,30727
5507,Employee_5507,Sales,49887
5508,Employee_5508,Marketing,92376
5509,Employee_5509,Marketing,83067
5510,Employee_5510,HR,92937
5511,Employee_5511,IT,68323
5512,Employee_5512,IT,54644
5513,Employee_5513,HR,54707
5514,Employee_5514,Marketing,69546
5515,Employee_5515,HR,76249
5516,Employee_5516,Sales,78676
5517,Employee_5517,IT,55568
5518,Employee_5518,Sales,78543
5519,Employee_5519,Finance,95270
5520,Employee_5520,IT,92472
5521,Employee_5521,Finance,67444
5522,Employee_5522,Sales,41515
5523,Employee_5523,Sales,67245
5524,Employee_5524,Marketing,94580
5525,Employee_5525,Sales,91625
5526,Employee_5526,Sales,97156
5527,Employee_5527,Sales,77028
5528,Employee_5528,Finance,33542
5529,Employee_5529,Finance,33166
5530,Employee_5530,Finance,62805
5531,Employee_5531,Sales,97239
5532,Employee_5532,IT,31925
5533,Employee_5533,Finance,98505
5534,Employee_5534,HR,75941
5535,Employee_5535,Finance,82253
5536,Employee_5536,Finance,83986
5537,Employee_5537,Sales,46207
5538,Employee_5538,Sales,38692
5539,Employee_5539,Sales,41649
5540,Employee_5540,Marketing,34782
5541,Employee_5541,HR,95338
5542,Employee_5542,Marketing,36007
5543,Employee_5543,Sales,98818
5544,Employee_5544,IT,35862
5545,Employee_5545,HR,70416
5546,Employee_5546,Finance,66645
5547,Employee_5547,Finance,45381
5548,Employee_5548,Sales,48315
5549,Employee_5549,Marketing,45529
5550,Employee_5550,Finance,70280
5551,Employee_5551,HR,41051
5552,Employee_5552,Sales,90957
5553,Employee_5553,Sales,33935
5554,Employee_5554,HR,78166
5555,Employee_5555,IT,70097
5556,Employee_5556,Finance,36606
5557,Employee_5557,Marketing,50589
5558,Employee_5558,Sales,61675
5559,Employee_5559,HR,72393
5560,Employee_5560,Marketing,80918
5561,Employee_5561,Marketing,60498
5562,Employee_5562,HR,42851
5563,Employee_5563,Sales,44965
5564,Employee_5564,Finance,30420
5565,Employee_5565,Sales,54667
5566,Employee_5566,Finance,94568
5567,Employee_5567,Sales,74558
5568,Employee_5568,Sales,31784
5569,Employee_5569,Marketing,62008
5570,Employee_5570,Finance,46054
5571,Employee_5571,Finance,98972
5572,Employee_5572,HR,44049
5573,Employee_5573,IT,30626
5574,Employee_5574,IT,47376
5575,Employee_5575,Sales,54917
5576,Employee_5576,Finance,44252
5577,Employee_5577,Sales,62988
5578,Employee_5578,Sales,87288
5579,Employee_5579,HR,36203
5580,Employee_5580,Sales,99118
5581,Employee_5581,Finance,46224
5582,Employee_5582,HR,77826
5583,Employee_5583,Finance,69602
5584,Employee_5584,IT,54645
5585,Employee_5585,Sales,32344
5586,Employee_5586,HR,42028
5587,Employee_5587,IT,92304
5588,Employee_5588,HR,49648
5589,Employee_5589,IT,53737
5590,Employee_5590,Finance,48289
5591,Employee_5591,Marketing,39805
5592,Employee_5592,IT,67219
5593,Employee_5593,HR,90628
5594,Employee_5594,Sales,93157
5595,Employee_5595,IT,76808
5596,Employee_5596,HR,82402
5597,Employee_5597,Sales,81898
5598,Employee_5598,Finance,74208
5599,Employee_5599,IT,40249
5600,Employee_5600,Finance,77374
5601,Employee_5601,Finance,97853
5602,Employee_5602,Sales,96552
5603,Employee_5603,HR,66595
5604,Employee_5604,Sales,65826
5605,Employee_5605,HR,74444
5606,Employee_5606,HR,63009
5607,Employee_5607,Sales,73552
5608,Employee_5608,HR,96222
5609,Employee_5609,IT,91080
5610,Employee_5610,Finance,37759
5611,Employee_5611,Finance,73432
5612,Employee_5612,Sales,55175
5613,Employee_5613,HR,87144
5614,Employee_5614,Finance,51636
5615,Employee_5615,Marketing,93751
5616,Employee_5616,Marketing,64809
5617,Employee_5617,Finance,35412
5618,Employee_5618,Marketing,52716
5619,Employee_5619,Sales,61429
5620,Employee_5620,Sales,96598
5621,Employee_5621,IT,83079
5622,Employee_5622,Sales,96390
5623,Employee_5623,Finance,42847
5624,Employee_5624,HR,87774
5625,Employee_5625,IT,59564
5626,Employee_5626,IT,94117
5627,Employee_5627,HR,48073
5628,Employee_5628,Marketing,32280
5629,Employee_5629,IT,36713
5630,Employee_5630,Sales,47007
5631,Employee_5631,IT,94107
5632,Employee_5632,HR,31615
5633,Employee_5633,Marketing,57819
5634,Employee_5634,Sales,38230
5635,Employee_5635,Marketing,34718
5636,Employee_5636,IT,48655
5637,Employee_5637,HR,82868
5638,Employee_5638,IT,96268
5639,Employee_5639,Marketing,84272
5640,Employee_5640,Sales,73747
5641,Employee_5641,Finance,64423
5642,Employee_5642,IT,30904
5643,Employee_5643,IT,47425
5644,Employee_5644,HR,81985
5645,Employee_5645,IT,88556
5646,Employee_5646,IT,69874
5647,Employee_5647,Marketing,82063
5648,Employee_5648,Sales,51520
5649,Employee_5649,Marketing,47239
5650,Employee_5650,Marketing,54758
5651,Employee_5651,Sales,68413
5652,Employee_5652,IT,44725
5653,Employee_5653,IT,80145
5654,Employee_5654,Marketing,97439
5655,Employee_5655,Finance,98025
5656,Employee_5656,Sales,46547
5657,Employee_5657,HR,72800
5658,Employee_5658,Finance,83009
5659,Employee_5659,Sales,83166
5660,Employee_5660,HR,36068
5661,Employee_5661,IT,57631
5662,Employee_5662,Sales,47946
5663,Employee_5663,IT,64131
5664,Employee_5664,Finance,97698
5665,Employee_5665,HR,77399
5666,Employee_5666,Marketing,76706
5667,Employee_5667,HR,39579
5668,Employee_5668,HR,65542
5669,Employee_5669,Finance,35748
5670,Employee_5670,Finance,36312
5671,Employee_5671,HR,99148
5672,Employee_5672,Finance,67303
5673,Employee_5673,Finance,45418
5674,Employee_5674,HR,52425
5675,Employee_5675,IT,69444
5676,Employee_5676,Finance,37215
5677,Employee_5677,Marketing,38844
5678,Employee_5678,Finance,80916
5679,Employee_5679,Sales,93871
5680,Employee_5680,Finance,81137
5681,Employee_5681,IT,72492
5682,Employee_5682,IT,81079
5683,Employee_5683,HR,77279
5684,Employee_5684,Marketing,91899
5685,Employee_5685,IT,35599
5686,Employee_5686,IT,64663
5687,Employee_5687,Marketing,39358
5688,Employee_5688,Sales,68256
5689,Employee_5689,Finance,77401
5690,Employee_5690,IT,98840
5691,Employee_5691,HR,81137
5692,Employee_5692,HR,31115
5693,Employee_5693,Marketing,78092
5694,Employee_5694,Sales,52249
5695,Employee_5695,HR,90051
5696,Employee_5696,Finance,41421
5697,Employee_5697,HR,36408
5698,Employee_5698,Marketing,63275
5699,Employee_5699,Marketing,40229
5700,Employee_5700,Finance,46225
5701,Employee_5701,Sales,32303
5702,Employee_5702,Sales,68066
5703,Employee_5703,Marketing,51905
5704,Employee_5704,Finance,58458
5705,Employee_5705,Finance,87261
5706,Employee_5706,HR,85729
5707,Employee_5707,Finance,31949
5708,Employee_5708,IT,95689
5709,Employee_5709,IT,40028
5710,Employee_5710,IT,47549
5711,Employee_5711,HR,49441
5712,Employee_5712,Sales,59581
5713,Employee_5713,HR,59441
5714,Employee_5714,HR,62172
5715,Employee_5715,IT,82690
5716,Employee_5716,Marketing,82808
5717,Employee_5717,Sales,81412
5718,Employee_5718,Sales,55952
5719,Employee_5719,HR,69964
5720,Employee_5720,Marketing,93536
5721,Employee_5721,Finance,55581
5722,Employee_5722,HR,86547
5723,Employee_5723,Marketing,64551
5724,Employee_5724,IT,57803
5725,Employee_5725,Sales,51353
5726,Employee_5726,Marketing,39382
5727,Employee_5727,IT,90732
5728,Employee_5728,HR,33595
5729,Employee_5729,Finance,69728
5730,Employee_5730,Finance,50172
5731,Employee_5731,Sales,49204
5732,Employee_5732,HR,39115
5733,Employee_5733,HR,51988
5734,Employee_5734,HR,52991
5735,Employee_5735,Marketing,54978
5736,Employee_5736,Finance,58224
5737,Employee_5737,Sales,68704
5738,Employee_5738,Marketing,72777
5739,Employee_5739,Sales,56700
5740,Employee_5740,Finance,64342
5741,Employee_5741,Sales,48649
5742,Employee_5742,Marketing,47967
5743,Employee_5743,Marketing,54723
5744,Employee_5744,Finance,58469
5745,Employee_5745,HR,47633
5746,Employee_5746,IT,97582
5747,Employee_5747,Finance,80296
5748,Employee_5748,IT,82322
5749,Employee_5749,Finance,32999
5750,Employee_5750,IT,80496
5751,Employee_5751,HR,58865
5752,Employee_5752,Sales,37245
5753,Employee_5753,HR,94234
5754,Employee_5754,Marketing,83768
5755,Employee_5755,Sales,83290
5756,Employee_5756,IT,86084
5757,Employee_5757,Marketing,39418
5758,Employee_5758,Finance,59254
5759,Employee_5759,IT,68321
5760,Employee_5760,Marketing,61794
5761,Employee_5761,Sales,74567
5762,Employee_5762,Finance,71543
5763,Employee_5763,IT,54582
5764,Employee_5764,Sales,98067
5765,Employee_5765,Marketing,61751
5766,Employee_5766,Marketing,90331
5767,Employee_5767,HR,59649
5768,Employee_5768,Sales,35406
5769,Employee_5769,IT,61427
5770,Employee_5770,Marketing,31130
5771,Employee_5771,IT,82126
5772,Employee_5772,HR,96215
5773,Employee_5773,HR,42117
5774,Employee_5774,Finance,40580
5775,Employee_5775,Sales,84201
5776,Employee_5776,Sales,84326
5777,Employee_5777,Finance,90198
5778,Employee_5778,Finance,65645
5779,Employee_5779,Finance,54106
5780,Employee_5780,Sales,42297
5781,Employee_5781,IT,94354
5782,Employee_5782,Marketing,85080
5783,Employee_5783,HR,86936
5784,Employee_5784,HR,38079
5785,Employee_5785,Sales,83568
5786,Employee_5786,Finance,94121
5787,Employee_5787,Marketing,42187
5788,Employee_5788,HR,60838
5789,Employee_5789,IT,33545
5790,Employee_5790,Finance,44391
5791,Employee_5791,Finance,66584
5792,Employee_5792,IT,34684
5793,Employee_5793,Finance,91572
5794,Employee_5794,Finance,61666
5795,Employee_5795,Sales,60401
5796,Employee_5796,HR,74736
5797,Employee_5797,Marketing,40760
5798,Employee_5798,IT,75012
5799,Employee_5799,Marketing,91621
5800,Employee_5800,Sales,44890
5801,Employee_5801,IT,62968
5802,Employee_5802,Sales,80476
5803,Employee_5803,HR,92075
5804,Employee_5804,Marketing,55640
5805,Employee_5805,IT,56690
5806,Employee_5806,IT,57004
5807,Employee_5807,IT,31172
5808,Employee_5808,IT,65041
5809,Employee_5809,Finance,65207
5810,Employee_5810,IT,41323
5811,Employee_5811,Sales,63241
5812,Employee_5812,HR,64579
5813,Employee_5813,Sales,39710
5814,Employee_5814,Marketing,51739
5815,Employee_5815,Marketing,63572
5816,Employee_5816,Marketing,91378
5817,Employee_5817,Finance,65230
5818,Employee_5818,Sales,90927
5819,Employee_5819,IT,82693
5820,Employee_5820,Sales,59398
5821,Employee_5821,Finance,93842
5822,Employee_5822,Sales,35286
5823,Employee_5823,Finance,43531
5824,Employee_5824,Sales,67723
5825,Employee_5825,IT,72858
5826,Employee_5826,HR,93048
5827,Employee_5827,HR,47864
5828,Employee_5828,Marketing,49517
5829,Employee_5829,IT,32094
5830,Employee_5830,Finance,81977
5831,Employee_5831,HR,74530
5832,Employee_5832,Sales,64009
5833,Employee_5833,IT,39599
5834,Employee_5834,HR,48798
5835,Employee_5835,HR,36847
5836,Employee_5836,Finance,36006
5837,Employee_5837,Finance,70819
5838,Employee_5838,Marketing,71353
5839,Employee_5839,Marketing,52866
5840,Employee_5840,Sales,72169
5841,Employee_5841,HR,88045
5842,Employee_5842,Sales,69817
5843,Employee_5843,Marketing,81436
5844,Employee_5844,Finance,47301
5845,Employee_5845,Marketing,44252
5846,Employee_5846,Marketing,94150
5847,Employee_5847,Finance,42109
5848,Employee_5848,Marketing,35766
5849,Employee_5849,HR,55285
5850,Employee_5850,Marketing,44653
5851,Employee_5851,Sales,66895
5852,Employee_5852,Sales,63915
5853,Employee_5853,IT,97662
5854,Employee_5854,Marketing,87461
5855,Employee_5855,Sales,99423
5856,Employee_5856,HR,39574
5857,Employee_5857,HR,35191
5858,Employee_5858,Marketing,82294
5859,Employee_5859,Finance,58405
5860,Employee_5860,HR,64273
5861,Employee_5861,IT,73463
5862,Employee_5862,HR,85691
5863,Employee_5863,Sales,49003
5864,Employee_5864,HR,75085
5865,Employee_5865,HR,81342
5866,Employee_5866,IT,89420
5867,Employee_5867,IT,96189
5868,Employee_5868,Marketing,30486
5869,Employee_5869,IT,42853
5870,Employee_5870,Finance,61311
5871,Employee_5871,Marketing,55334
5872,Employee_5872,Finance,42933
5873,Employee_5873,Finance,70424
5874,Employee_5874,IT,40915
5875,Employee_5875,HR,36934
5876,Employee_5876,IT,75462
5877,Employee_5877,HR,51984
5878,Employee_5878,Finance,69667
5879,Employee_5879,Finance,64013
5880,Employee_5880,IT,87819
5881,Employee_5881,HR,37276
5882,Employee_5882,IT,40009
5883,Employee_5883,IT,44262
5884,Employee_5884,Sales,98172
5885,Employee_5885,HR,89213
5886,Employee_5886,Sales,71950
5887,Employee_5887,IT,65938
5888,Employee_5888,Marketing,63859
5889,Employee_5889,HR,48395
5890,Employee_5890,HR,91171
5891,Employee_5891,IT,49794
5892,Employee_5892,IT,99939
5893,Employee_5893,Sales,90364
5894,Employee_5894,Finance,46829
5895,Employee_5895,HR,97615
5896,Employee_5896,IT,71984
5897,Employee_5897,Marketing,96399
5898,Employee_5898,Sales,45332
5899,Employee_5899,IT,76359
5900,Employee_5900,Sales,50160
5901,Employee_5901,Sales,99316
5902,Employee_5902,IT,31746
5903,Employee_5903,Marketing,48339
5904,Employee_5904,Sales,47555
5905,Employee_5905,Marketing,54826
5906,Employee_5906,IT,50617
5907,Employee_5907,HR,51217
5908,Employee_5908,HR,36897
5909,Employee_5909,Finance,57558
5910,Employee_5910,Sales,33754
5911,Employee_5911,IT,74537
5912,Employee_5912,Marketing,53129
5913,Employee_5913,Finance,61882
5914,Employee_5914,Sales,51925
5915,Employee_5915,HR,95786
5916,Employee_5916,HR,79048
5917,Employee_5917,Sales,54788
5918,Employee_5918,Marketing,48512
5919,Employee_5919,HR,87097
5920,Employee_5920,Finance,47555
5921,Employee_5921,Sales,47348
5922,Employee_5922,Finance,40447
5923,Employee_5923,IT,67311
5924,Employee_5924,HR,73452
5925,Employee_5925,Marketing,70941
5926,Employee_5926,Marketing,70397
5927,Employee_5927,Finance,99858
5928,Employee_5928,IT,48534
5929,Employee_5929,Finance,61349
5930,Employee_5930,Finance,70307
5931,Employee_5931,HR,35252
5932,Employee_5932,HR,55795
5933,Employee_5933,Marketing,41683
5934,Employee_5934,IT,69939
5935,Employee_5935,Marketing,66659
5936,Employee_5936,Marketing,86769
5937,Employee_5937,Marketing,77040
5938,Employee_5938,Sales,52400
5939,Employee_5939,HR,71568
5940,Employee_5940,IT,43185
5941,Employee_5941,HR,88164
5942,Employee_5942,Marketing,39833
5943,Employee_5943,Finance,50869
5944,Employee_5944,Finance,66923
5945,Employee_5945,Marketing,79627
5946,Employee_5946,HR,48575
5947,Employee_5947,Sales,39261
5948,Employee_5948,Sales,86160
5949,Employee_5949,Marketing,95146
5950,Employee_5950,Sales,91722
5951,Employee_5951,IT,43738
5952,Employee_5952,Marketing,71637
5953,Employee_5953,Marketing,87347
5954,Employee_5954,Marketing,79646
5955,Employee_5955,Marketing,82898
5956,Employee_5956,HR,85174
5957,Employee_5957,HR,90788
5958,Employee_5958,IT,87235
5959,Employee_5959,Finance,82437
5960,Employee_5960,Finance,74663
5961,Employee_5961,IT,76527
5962,Employee_5962,Finance,50404
5963,Employee_5963,Finance,35853
5964,Employee_5964,HR,81341
5965,Employee_5965,Sales,60477
5966,Employee_5966,HR,87519
5967,Employee_5967,Finance,63508
5968,Employee_5968,Finance,35959
5969,Employee_5969,HR,95029
5970,Employee_5970,Marketing,76477
5971,Employee_5971,Finance,89847
5972,Employee_5972,HR,32356
5973,Employee_5973,HR,50733
5974,Employee_5974,IT,88602
5975,Employee_5975,IT,40270
5976,Employee_5976,Sales,40997
5977,Employee_5977,Sales,94739
5978,Employee_5978,HR,33066
5979,Employee_5979,HR,39388
5980,Employee_5980,HR,86374
5981,Employee_5981,HR,38222
5982,Employee_5982,IT,94781
5983,Employee_5983,HR,97689
5984,Employee_5984,Finance,70390
5985,Employee_5985,Sales,33892
5986,Employee_5986,IT,35812
5987,Employee_5987,HR,74162
5988,Employee_5988,IT,87930
5989,Employee_5989,IT,47851
5990,Employee_5990,Marketing,90855
5991,Employee_5991,IT,38571
5992,Employee_5992,Marketing,90422
5993,Employee_5993,IT,69586
5994,Employee_5994,Sales,89225
5995,Employee_5995,Finance,37303
5996,Employee_5996,Finance,81967
5997,Employee_5997,IT,48785
5998,Employee_5998,HR,85102
5999,Employee_5999,HR,83108
6000,Employee_6000,Sales,40857
6001,Employee_6001,Sales,98005
6002,Employee_6002,IT,41047
6003,Employee_6003,Sales,92303
6004,Employee_6004,Marketing,40909
6005,Employee_6005,Finance,69907
6006,Employee_6006,Marketing,66150
6007,Employee_6007,Marketing,54945
6008,Employee_6008,Sales,86041
6009,Employee_6009,Marketing,98113
6010,Employee_6010,Finance,59495
6011,Employee_6011,IT,82917
6012,Employee_6012,Marketing,88803
6013,Employee_6013,Finance,39180
6014,Employee_6014,IT,86912
6015,Employee_6015,Marketing,85646
6016,Employee_6016,Finance,86160
6017,Employee_6017,IT,32057
6018,Employee_6018,Marketing,49775
6019,Employee_6019,Sales,88414
6020,Employee_6020,Sales,83439
6021,Employee_6021,IT,85288
6022,Employee_6022,Finance,55277
6023,Employee_6023,Sales,42476
6024,Employee_6024,Marketing,41534
6025,Employee_6025,Sales,74065
6026,Employee_6026,Sales,74307
6027,Employee_6027,IT,98794
6028,Employee_6028,Finance,68225
6029,Employee_6029,IT,58602
6030,Employee_6030,Finance,90861
6031,Employee_6031,HR,94026
6032,Employee_6032,Finance,46500
6033,Employee_6033,Marketing,39303
6034,Employee_6034,IT,92747
6035,Employee_6035,IT,94366
6036,Employee_6036,Finance,97176
6037,Employee_6037,Finance,87130
6038,Employee_6038,Marketing,94312
6039,Employee_6039,Finance,83268
6040,Employee_6040,IT,60795
6041,Employee_6041,Sales,72213
6042,Employee_6042,Finance,51710
6043,Employee_6043,HR,36679
6044,Employee_6044,Sales,63071
6045,Employee_6045,Sales,83970
6046,Employee_6046,IT,83925
6047,Employee_6047,IT,31427
6048,Employee_6048,Sales,70066
6049,Employee_6049,IT,84852
6050,Employee_6050,HR,44498
6051,Employee_6051,Marketing,70883
6052,Employee_6052,HR,74711
6053,Employee_6053,IT,30741
6054,Employee_6054,Finance,71099
6055,Employee_6055,IT,79822
6056,Employee_6056,Sales,39930
6057,Employee_6057,Finance,55844
6058,Employee_6058,HR,40475
6059,Employee_6059,IT,46438
6060,Employee_6060,Sales,77300
6061,Employee_6061,IT,80156
6062,Employee_6062,IT,98453
6063,Employee_6063,Finance,84992
6064,Employee_6064,Finance,57266
6065,Employee_6065,Marketing,66513
6066,Employee_6066,IT,77975
6067,Employee_6067,IT,38247
6068,Employee_6068,Marketing,49979
6069,Employee_6069,Finance,37931
6070,Employee_6070,Sales,94221
6071,Employee_6071,IT,31358
6072,Employee_6072,Sales,60794
6073,Employee_6073,HR,90400
6074,Employee_6074,Sales,30232
6075,Employee_6075,Marketing,56325
6076,Employee_6076,Sales,83193
6077,Employee_6077,Marketing,84663
6078,Employee_6078,Sales,33527
6079,Employee_6079,Finance,66810
6080,Employee_6080,Marketing,57385
6081,Employee_6081,IT,99127
6082,Employee_6082,HR,81059
6083,Employee_6083,HR,32808
6084,Employee_6084,HR,55834
6085,Employee_6085,HR,91500
6086,Employee_6086,IT,78790
6087,Employee_6087,Marketing,84233
6088,Employee_6088,Sales,95719
6089,Employee_6089,HR,89621
6090,Employee_6090,IT,53824
6091,Employee_6091,Sales,35528
6092,Employee_6092,IT,33941
6093,Employee_6093,Finance,55320
6094,Employee_6094,Finance,84940
6095,Employee_6095,Marketing,83229
6096,Employee_6096,Sales,71553
6097,Employee_6097,Sales,48581
6098,Employee_6098,Sales,70324
6099,Employee_6099,Marketing,84211
6100,Employee_6100,Finance,64670
6101,Employee_6101,Finance,88325
6102,Employee_6102,Finance,69113
6103,Employee_6103,Sales,89291
6104,Employee_6104,HR,64737
6105,Employee_6105,Marketing,36655
6106,Employee_6106,Finance,96798
6107,Employee_6107,IT,60254
6108,Employee_6108,Sales,85840
6109,Employee_6109,IT,98812
6110,Employee_6110,HR,88689
6111,Employee_6111,IT,30035
6112,Employee_6112,IT,42829
6113,Employee_6113,Marketing,56875
6114,Employee_6114,Marketing,37054
6115,Employee_6115,Marketing,94816
6116,Employee_6116,IT,38345
6117,Employee_6117,IT,31138
6118,Employee_6118,IT,64904
6119,Employee_6119,Sales,64316
6120,Employee_6120,Finance,68506
6121,Employee_6121,Marketing,70682
6122,Employee_6122,IT,71942
6123,Employee_6123,HR,82702
6124,Employee_6124,IT,56708
6125,Employee_6125,HR,61208
6126,Employee_6126,HR,53862
6127,Employee_6127,Sales,87730
6128,Employee_6128,Finance,60755
6129,Employee_6129,HR,76627
6130,Employee_6130,Marketing,59743
6131,Employee_6131,Finance,86918
6132,Employee_6132,Sales,37062
6133,Employee_6133,IT,90552
6134,Employee_6134,Marketing,42157
6135,Employee_6135,Sales,66331
6136,Employee_6136,IT,54145
6137,Employee_6137,Finance,70958
6138,Employee_6138,IT,62203
6139,Employee_6139,Sales,97226
6140,Employee_6140,Sales,39368
6141,Employee_6141,Finance,35016
6142,Employee_6142,IT,35968
6143,Employee_6143,HR,42972
6144,Employee_6144,Sales,64692
6145,Employee_6145,HR,55714
6146,Employee_6146,HR,88977
6147,Employee_6147,Sales,31974
6148,Employee_6148,Marketing,37642
6149,Employee_6149,HR,36760
6150,Employee_6150,IT,39962
6151,Employee_6151,Finance,70370
6152,Employee_6152,Marketing,82750
6153,Employee_6153,Marketing,90084
6154,Employee_6154,Finance,75885
6155,Employee_6155,Marketing,98554
6156,Employee_6156,HR,91771
6157,Employee_6157,HR,93461
6158,Employee_6158,Marketing,72446
6159,Employee_6159,Sales,46500
6160,Employee_6160,IT,43115
6161,Employee_6161,Sales,41672
6162,Employee_6162,Finance,82315
6163,Employee_6163,Sales,82378
6164,Employee_6164,IT,51735
6165,Employee_6165,Finance,76544
6166,Employee_6166,Finance,63590
6167,Employee_6167,Finance,71912
6168,Employee_6168,Sales,60236
6169,Employee_6169,IT,45870
6170,Employee_6170,HR,69733
6171,Employee_6171,Marketing,91605
6172,Employee_6172,Sales,95666
6173,Employee_6173,Finance,32405
6174,Employee_6174,Finance,99897
6175,Employee_6175,HR,62955
6176,Employee_6176,Finance,89979
6177,Employee_6177,Sales,98170
6178,Employee_6178,Finance,73991
6179,Employee_6179,Finance,97363
6180,Employee_6180,Marketing,63694
6181,Employee_6181,Sales,53826
6182,Employee_6182,Finance,84900
6183,Employee_6183,HR,96405
6184,Employee_6184,Sales,55517
6185,Employee_6185,IT,81127
6186,Employee_6186,Sales,76261
6187,Employee_6187,Sales,41439
6188,Employee_6188,Sales,35941
6189,Employee_6189,Sales,99700
6190,Employee_6190,HR,50082
6191,Employee_6191,Finance,95713
6192,Employee_6192,Sales,67204
6193,Employee_6193,Sales,31489
6194,Employee_6194,IT,98800
6195,Employee_6195,Marketing,93545
6196,Employee_6196,Finance,90331
6197,Employee_6197,IT,39441
6198,Employee_6198,HR,65677
6199,Employee_6199,Marketing,70271
6200,Employee_6200,IT,92856
6201,Employee_6201,Sales,57582
6202,Employee_6202,HR,37981
6203,Employee_6203,Sales,50586
6204,Employee_6204,Marketing,77143
6205,Employee_6205,Marketing,49214
6206,Employee_6206,Finance,55218
6207,Employee_6207,HR,75209
6208,Employee_6208,Marketing,64316
6209,Employee_6209,Finance,48512
6210,Employee_6210,Finance,33755
6211,Employee_6211,Sales,79258
6212,Employee_6212,Marketing,97320
6213,Employee_6213,Sales,83714
6214,Employee_6214,IT,98812
6215,Employee_6215,HR,30522
6216,Employee_6216,Sales,80106
6217,Employee_6217,IT,44366
6218,Employee_6218,Marketing,41000
6219,Employee_6219,IT,70236
6220,Employee_6220,Sales,49438
6221,Employee_6221,Marketing,64132
6222,Employee_6222,Sales,50178
6223,Employee_6223,Sales,43587
6224,Employee_6224,Sales,74294
6225,Employee_6225,Finance,70365
6226,Employee_6226,IT,73626
6227,Employee_6227,Finance,37142
6228,Employee_6228,Marketing,69108
6229,Employee_6229,Finance,71798
6230,Employee_6230,Marketing,75134
6231,Employee_6231,Finance,66310
6232,Employee_6232,HR,94842
6233,Employee_6233,Marketing,87230
6234,Employee_6234,Finance,79866
6235,Employee_6235,HR,76246
6236,Employee_6236,IT,63087
6237,Employee_6237,IT,96755
6238,Employee_6238,IT,44741
6239,Employee_6239,Marketing,91035
6240,Employee_6240,HR,61974
6241,Employee_6241,Finance,78842
6242,Employee_6242,Finance,52328
6243,Employee_6243,Finance,46636
6244,Employee_6244,HR,37067
6245,Employee_6245,Marketing,59011
6246,Employee_6246,Marketing,73118
6247,Employee_6247,HR,95115
6248,Employee_6248,Finance,74910
6249,Employee_6249,Sales,80197
6250,Employee_6250,Marketing,66653
6251,Employee_6251,Finance,85038
6252,Employee_6252,Marketing,77773
6253,Employee_6253,IT,62639
6254,Employee_6254,Finance,55139
6255,Employee_6255,HR,81223
6256,Employee_6256,IT,43902
6257,Employee_6257,IT,55050
6258,Employee_6258,Finance,70122
6259,Employee_6259,Marketing,33838
6260,Employee_6260,Sales,45463
6261,Employee_6261,Finance,54193
6262,Employee_6262,Finance,80286
6263,Employee_6263,IT,87812
6264,Employee_6264,Finance,62644
6265,Employee_6265,Marketing,93569
6266,Employee_6266,HR,31908
6267,Employee_6267,HR,83689
6268,Employee_6268,Finance,71661
6269,Employee_6269,HR,69466
6270,Employee_6270,Sales,49402
6271,Employee_6271,Marketing,91588
6272,Employee_6272,Sales,97637
6273,Employee_6273,Marketing,75948
6274,Employee_6274,Marketing,89545
6275,Employee_6275,IT,91198
6276,Employee_6276,IT,73200
6277,Employee_6277,Sales,73041
6278,Employee_6278,Marketing,49634
6279,Employee_6279,HR,84508
6280,Employee_6280,Sales,48235
6281,Employee_6281,Finance,99329
6282,Employee_6282,Marketing,43898
6283,Employee_6283,Sales,65287
6284,Employee_6284,IT,77376
6285,Employee_6285,HR,99950
6286,Employee_6286,Marketing,69699
6287,Employee_6287,Finance,38816
6288,Employee_6288,Marketing,89329
6289,Employee_6289,Marketing,56602
6290,Employee_6290,Marketing,31284
6291,Employee_6291,HR,82041
6292,Employee_6292,HR,89001
6293,Employee_6293,IT,56171
6294,Employee_6294,Marketing,52158
6295,Employee_6295,IT,53225
6296,Employee_6296,Sales,79805
6297,Employee_6297,Marketing,63522
6298,Employee_6298,Marketing,49092
6299,Employee_6299,Finance,41146
6300,Employee_6300,Marketing,52832
6301,Employee_6301,Sales,84264
6302,Employee_6302,Sales,86323
6303,Employee_6303,Marketing,59145
6304,Employee_6304,IT,32233
6305,Employee_6305,HR,91723
6306,Employee_6306,IT,92803
6307,Employee_6307,IT,83081
6308,Employee_6308,Marketing,54399
6309,Employee_6309,HR,34005
6310,Employee_6310,IT,75268
6311,Employee_6311,Finance,77269
6312,Employee_6312,Marketing,60175
6313,Employee_6313,HR,68278
6314,Employee_6314,IT,85555
6315,Employee_6315,HR,52710
6316,Employee_6316,HR,89426
6317,Employee_6317,HR,80717
6318,Employee_6318,Marketing,48143
6319,Employee_6319,Marketing,63180
6320,Employee_6320,Marketing,39412
6321,Employee_6321,IT,57893
6322,Employee_6322,Sales,33057
6323,Employee_6323,Sales,55685
6324,Employee_6324,Sales,83832
6325,Employee_6325,HR,31185
6326,Employee_6326,Finance,89280
6327,Employee_6327,Finance,96582
6328,Employee_6328,Sales,41387
6329,Employee_6329,Marketing,88586
6330,Employee_6330,Marketing,35873
6331,Employee_6331,Sales,43325
6332,Employee_6332,HR,86381
6333,Employee_6333,Marketing,66221
6334,Employee_6334,Marketing,61904
6335,Employee_6335,Sales,38169
6336,Employee_6336,Sales,78916
6337,Employee_6337,Finance,78368
6338,Employee_6338,Finance,95279
6339,Employee_6339,Sales,54755
6340,Employee_6340,Sales,74991
6341,Employee_6341,HR,70152
6342,Employee_6342,Marketing,85412
6343,Employee_6343,HR,92930
6344,Employee_6344,IT,66047
6345,Employee_6345,Finance,70631
6346,Employee_6346,Finance,96126
6347,Employee_6347,Finance,52546
6348,Employee_6348,Finance,89594
6349,Employee_6349,Finance,68769
6350,Employee_6350,IT,77714
6351,Employee_6351,Sales,65007
6352,Employee_6352,Sales,80889
6353,Employee_6353,HR,42089
6354,Employee_6354,IT,39866
6355,Employee_6355,IT,92974
6356,Employee_6356,IT,40875
6357,Employee_6357,Sales,84751
6358,Employee_6358,Finance,68419
6359,Employee_6359,HR,47454
6360,Employee_6360,Marketing,69413
6361,Employee_6361,Marketing,32071
6362,Employee_6362,Finance,30615
6363,Employee_6363,Sales,43078
6364,Employee_6364,Finance,82524
6365,Employee_6365,Finance,44822
6366,Employee_6366,Marketing,64793
6367,Employee_6367,Finance,62082
6368,Employee_6368,Finance,55511
6369,Employee_6369,Finance,49605
6370,Employee_6370,Sales,95763
6371,Employee_6371,IT,97369
6372,Employee_6372,IT,51012
6373,Employee_6373,HR,60629
6374,Employee_6374,HR,87968
6375,Employee_6375,IT,85260
6376,Employee_6376,Finance,57286
6377,Employee_6377,Marketing,41613
6378,Employee_6378,Sales,56849
6379,Employee_6379,Finance,33013
6380,Employee_6380,Sales,72167
6381,Employee_6381,Marketing,47247
6382,Employee_6382,Marketing,30901
6383,Employee_6383,IT,85630
6384,Employee_6384,Finance,31202
6385,Employee_6385,Marketing,43704
6386,Employee_6386,IT,58343
6387,Employee_6387,HR,98067
6388,Employee_6388,Sales,55637
6389,Employee_6389,HR,48658
6390,Employee_6390,HR,83317
6391,Employee_6391,IT,97193
6392,Employee_6392,Marketing,96179
6393,Employee_6393,HR,76241
6394,Employee_6394,Sales,41558
6395,Employee_6395,Sales,42789
6396,Employee_6396,Sales,38591
6397,Employee_6397,Sales,84044
6398,Employee_6398,Sales,81830
6399,Employee_6399,IT,97689
6400,Employee_6400,Sales,85414
6401,Employee_6401,HR,81549
6402,Employee_6402,Sales,83540
6403,Employee_6403,Sales,90269
6404,Employee_6404,IT,31555
6405,Employee_6405,Finance,31886
6406,Employee_6406,Marketing,69354
6407,Employee_6407,Finance,77131
6408,Employee_6408,Marketing,79016
6409,Employee_6409,Finance,73476
6410,Employee_6410,Finance,54478
6411,Employee_6411,Finance,88562
6412,Employee_6412,HR,72800
6413,Employee_6413,IT,55792
6414,Employee_6414,HR,59812
6415,Employee_6415,Finance,65462
6416,Employee_6416,Finance,85803
6417,Employee_6417,Sales,34324
6418,Employee_6418,Marketing,47663
6419,Employee_6419,HR,66287
6420,Employee_6420,HR,84436
6421,Employee_6421,Finance,94377
6422,Employee_6422,Marketing,72182
6423,Employee_6423,Finance,54911
6424,Employee_6424,Sales,72852
6425,Employee_6425,Finance,89096
6426,Employee_6426,Sales,80786
6427,Employee_6427,HR,37691
6428,Employee_6428,IT,83596
6429,Employee_6429,Marketing,32799
6430,Employee_6430,HR,44646
6431,Employee_6431,Marketing,79196
6432,Employee_6432,Marketing,41933
6433,Employee_6433,Marketing,67534
6434,Employee_6434,HR,41318
6435,Employee_6435,Marketing,39093
6436,Employee_6436,Marketing,42875
6437,Employee_6437,Marketing,95742
6438,Employee_6438,HR,92570
6439,Employee_6439,Marketing,41065
6440,Employee_6440,IT,81586
6441,Employee_6441,HR,35277
6442,Employee_6442,IT,71543
6443,Employee_6443,HR,55888
6444,Employee_6444,IT,91417
6445,Employee_6445,HR,69606
6446,Employee_6446,HR,92824
6447,Employee_6447,IT,98385
6448,Employee_6448,HR,64919
6449,Employee_6449,Finance,47855
6450,Employee_6450,Marketing,80309
6451,Employee_6451,HR,31460
6452,Employee_6452,Finance,81064
6453,Employee_6453,HR,48326
6454,Employee_6454,Sales,95999
6455,Employee_6455,Finance,82552
6456,Employee_6456,IT,85308
6457,Employee_6457,IT,34502
6458,Employee_6458,Sales,59248
6459,Employee_6459,Marketing,92298
6460,Employee_6460,Marketing,73613
6461,Employee_6461,IT,93825
6462,Employee_6462,IT,50065
6463,Employee_6463,IT,87398
6464,Employee_6464,Marketing,49891
6465,Employee_6465,HR,77319
6466,Employee_6466,Sales,62017
6467,Employee_6467,Sales,84603
6468,Employee_6468,Finance,62085
6469,Employee_6469,Sales,36447
6470,Employee_6470,Marketing,69886
6471,Employee_6471,IT,47773
6472,Employee_6472,IT,96460
6473,Employee_6473,HR,83491
6474,Employee_6474,HR,56933
6475,Employee_6475,Marketing,87896
6476,Employee_6476,Finance,86364
6477,Employee_6477,HR,69545
6478,Employee_6478,Sales,50996
6479,Employee_6479,Finance,67228
6480,Employee_6480,IT,58452
6481,Employee_6481,Finance,44642
6482,Employee_6482,Sales,59346
6483,Employee_6483,IT,59161
6484,Employee_6484,Marketing,57723
6485,Employee_6485,Finance,86455
6486,Employee_6486,Finance,79196
6487,Employee_6487,Finance,82538
6488,Employee_6488,HR,31740
6489,Employee_6489,HR,87279
6490,Employee_6490,Sales,47955
6491,Employee_6491,Sales,55050
6492,Employee_6492,IT,64163
6493,Employee_6493,Sales,36832
6494,Employee_6494,Marketing,45685
6495,Employee_6495,Sales,42422
6496,Employee_6496,Marketing,65092
6497,Employee_6497,IT,67491
6498,Employee_6498,Marketing,82611
6499,Employee_6499,Finance,92657
6500,Employee_6500,HR,61916
6501,Employee_6501,IT,96435
6502,Employee_6502,Finance,95231
6503,Employee_6503,Finance,56648
6504,Employee_6504,Marketing,37610
6505,Employee_6505,Finance,60634
6506,Employee_6506,IT,60333
6507,Employee_6507,Marketing,48108
6508,Employee_6508,IT,90022
6509,Employee_6509,IT,51053
6510,Employee_6510,Sales,68719
6511,Employee_6511,Sales,30534
6512,Employee_6512,HR,45831
6513,Employee_6513,HR,33293
6514,Employee_6514,Marketing,69722
6515,Employee_6515,Finance,84878
6516,Employee_6516,Finance,58074
6517,Employee_6517,Marketing,96062
6518,Employee_6518,Finance,41028
6519,Employee_6519,Sales,31412
6520,Employee_6520,Marketing,80104
6521,Employee_6521,Marketing,36395
6522,Employee_6522,Finance,81564
6523,Employee_6523,Finance,50465
6524,Employee_6524,IT,79507
6525,Employee_6525,Sales,59534
6526,Employee_6526,IT,45973
6527,Employee_6527,HR,50931
6528,Employee_6528,HR,92251
6529,Employee_6529,Finance,43117
6530,Employee_6530,Finance,57750
6531,Employee_6531,Marketing,56699
6532,Employee_6532,IT,46289
6533,Employee_6533,Sales,45271
6534,Employee_6534,IT,71046
6535,Employee_6535,Sales,45461
6536,Employee_6536,Sales,44173
6537,Employee_6537,Finance,56963
6538,Employee_6538,Marketing,54409
6539,Employee_6539,IT,81441
6540,Employee_6540,Marketing,74927
6541,Employee_6541,HR,84000
6542,Employee_6542,Finance,65015
6543,Employee_6543,Marketing,64253
6544,Employee_6544,IT,61984
6545,Employee_6545,HR,73267
6546,Employee_6546,Sales,89955
6547,Employee_6547,Sales,45632
6548,Employee_6548,HR,94866
6549,Employee_6549,Finance,86550
6550,Employee_6550,Sales,43480
6551,Employee_6551,Finance,40337
6552,Employee_6552,IT,53777
6553,Employee_6553,Finance,81031
6554,Employee_6554,Sales,44730
6555,Employee_6555,IT,95141
6556,Employee_6556,HR,47588
6557,Employee_6557,IT,93090
6558,Employee_6558,IT,80674
6559,Employee_6559,IT,45318
6560,Employee_6560,Sales,96812
6561,Employee_6561,Sales,31775
6562,Employee_6562,Sales,35705
6563,Employee_6563,Sales,57050
6564,Employee_6564,Sales,60093
6565,Employee_6565,IT,64201
6566,Employee_6566,Finance,32933
6567,Employee_6567,HR,41506
6568,Employee_6568,Finance,76120
6569,Employee_6569,HR,96480
6570,Employee_6570,IT,52854
6571,Employee_6571,IT,87629
6572,Employee_6572,IT,70726
6573,Employee_6573,Marketing,91058
6574,Employee_6574,Sales,40783
6575,Employee_6575,Marketing,96495
6576,Employee_6576,Sales,31501
6577,Employee_6577,HR,77188
6578,Employee_6578,HR,86894
6579,Employee_6579,Sales,93281
6580,Employee_6580,HR,55250
6581,Employee_6581,Sales,54160
6582,Employee_6582,HR,72846
6583,Employee_6583,Finance,34808
6584,Employee_6584,Sales,72820
6585,Employee_6585,IT,63372
6586,Employee_6586,Marketing,53274
6587,Employee_6587,IT,43342
6588,Employee_6588,Finance,41845
6589,Employee_6589,Marketing,89985
6590,Employee_6590,Sales,92793
6591,Employee_6591,Finance,40395
6592,Employee_6592,HR,36604
6593,Employee_6593,Marketing,78566
6594,Employee_6594,Sales,58106
6595,Employee_6595,HR,75526
6596,Employee_6596,Sales,43073
6597,Employee_6597,IT,58999
6598,Employee_6598,IT,38161
6599,Employee_6599,IT,57784
6600,Employee_6600,Sales,63003
6601,Employee_6601,Sales,72332
6602,Employee_6602,HR,92831
6603,Employee_6603,Marketing,94252
6604,Employee_6604,Sales,32272
6605,Employee_6605,Marketing,98125
6606,Employee_6606,HR,83935
6607,Employee_6607,Sales,85732
6608,Employee_6608,Finance,78177
6609,Employee_6609,Marketing,90797
6610,Employee_6610,Sales,72833
6611,Employee_6611,Sales,66999
6612,Employee_6612,Sales,58155
6613,Employee_6613,Sales,86395
6614,Employee_6614,Finance,80605
6615,Employee_6615,IT,33659
6616,Employee_6616,Marketing,30773
6617,Employee_6617,Marketing,77322
6618,Employee_6618,Finance,53928
6619,Employee_6619,Sales,48342
6620,Employee_6620,Finance,55852
6621,Employee_6621,Sales,42290
6622,Employee_6622,Finance,57007
6623,Employee_6623,Finance,31161
6624,Employee_6624,Marketing,55652
6625,Employee_6625,IT,58942
6626,Employee_6626,HR,96931
6627,Employee_6627,Sales,92688
6628,Employee_6628,Marketing,30753
6629,Employee_6629,Marketing,79448
6630,Employee_6630,HR,31233
6631,Employee_6631,Sales,99306
6632,Employee_6632,HR,37739
6633,Employee_6633,Sales,47586
6634,Employee_6634,HR,98162
6635,Employee_6635,Sales,37444
6636,Employee_6636,IT,83672
6637,Employee_6637,IT,67279
6638,Employee_6638,IT,33022
6639,Employee_6639,Finance,97159
6640,Employee_6640,Finance,78036
6641,Employee_6641,Sales,85183
6642,Employee_6642,IT,38383
6643,Employee_6643,Finance,43315
6644,Employee_6644,Sales,41909
6645,Employee_6645,Marketing,68853
6646,Employee_6646,Sales,51672
6647,Employee_6647,IT,88526
6648,Employee_6648,Marketing,74332
6649,Employee_6649,HR,96809
6650,Employee_6650,Sales,53054
6651,Employee_6651,Sales,67608
6652,Employee_6652,HR,30889
6653,Employee_6653,IT,31520
6654,Employee_6654,Marketing,97072
6655,Employee_6655,Finance,61197
6656,Employee_6656,HR,92960
6657,Employee_6657,Marketing,78670
6658,Employee_6658,Sales,98225
6659,Employee_6659,HR,79944
6660,Employee_6660,Finance,92594
6661,Employee_6661,IT,67719
6662,Employee_6662,Sales,35799
6663,Employee_6663,Sales,52926
6664,Employee_6664,Finance,94926
6665,Employee_6665,IT,79412
6666,Employee_6666,Sales,84187
6667,Employee_6667,Finance,39468
6668,Employee_6668,Marketing,50014
6669,Employee_6669,IT,42534
6670,Employee_6670,Finance,73510
6671,Employee_6671,Finance,30203
6672,Employee_6672,Marketing,99442
6673,Employee_6673,HR,61507
6674,Employee_6674,IT,93012
6675,Employee_6675,HR,99919
6676,Employee_6676,IT,48094
6677,Employee_6677,IT,69288
6678,Employee_6678,Finance,62833
6679,Employee_6679,Finance,30465
6680,Employee_6680,Finance,54900
6681,Employee_6681,HR,50388
6682,Employee_6682,HR,42798
6683,Employee_6683,IT,44376
6684,Employee_6684,Finance,96246
6685,Employee_6685,HR,73052
6686,Employee_6686,Sales,33766
6687,Employee_6687,HR,92822
6688,Employee_6688,IT,47603
6689,Employee_6689,IT,71063
6690,Employee_6690,Sales,56893
6691,Employee_6691,Sales,94036
6692,Employee_6692,Sales,43317
6693,Employee_6693,Finance,90113
6694,Employee_6694,Marketing,90889
6695,Employee_6695,HR,98998
6696,Employee_6696,Marketing,57849
6697,Employee_6697,Sales,51892
6698,Employee_6698,Finance,30471
6699,Employee_6699,Sales,80768
6700,Employee_6700,Sales,41193
6701,Employee_6701,Marketing,64473
6702,Employee_6702,HR,51081
6703,Employee_6703,Finance,52763
6704,Employee_6704,Finance,96805
6705,Employee_6705,HR,41143
6706,Employee_6706,Sales,46852
6707,Employee_6707,Finance,82406
6708,Employee_6708,Sales,64005
6709,Employee_6709,HR,86109
6710,Employee_6710,Marketing,31129
6711,Employee_6711,HR,89462
6712,Employee_6712,Marketing,38230
6713,Employee_6713,Finance,74251
6714,Employee_6714,Sales,55448
6715,Employee_6715,Finance,92528
6716,Employee_6716,IT,55028
6717,Employee_6717,Marketing,46565
6718,Employee_6718,HR,90670
6719,Employee_6719,HR,30359
6720,Employee_6720,IT,49697
6721,Employee_6721,HR,78338
6722,Employee_6722,Marketing,67957
6723,Employee_6723,IT,85625
6724,Employee_6724,Sales,46115
6725,Employee_6725,HR,31366
6726,Employee_6726,IT,34140
6727,Employee_6727,Marketing,73854
6728,Employee_6728,Finance,60589
6729,Employee_6729,IT,67495
6730,Employee_6730,HR,96929
6731,Employee_6731,Sales,40904
6732,Employee_6732,IT,90627
6733,Employee_6733,Finance,97909
6734,Employee_6734,HR,95833
6735,Employee_6735,IT,79371
6736,Employee_6736,IT,92232
6737,Employee_6737,Finance,91509
6738,Employee_6738,IT,87127
6739,Employee_6739,Finance,33595
6740,Employee_6740,HR,41621
6741,Employee_6741,IT,67168
6742,Employee_6742,IT,36085
6743,Employee_6743,Sales,60846
6744,Employee_6744,Sales,92616
6745,Employee_6745,Marketing,42348
6746,Employee_6746,Finance,62779
6747,Employee_6747,Marketing,35543
6748,Employee_6748,HR,93214
6749,Employee_6749,Marketing,84150
6750,Employee_6750,HR,82428
6751,Employee_6751,Finance,91973
6752,Employee_6752,Sales,77048
6753,Employee_6753,HR,33959
6754,Employee_6754,Sales,98320
6755,Employee_6755,Finance,94692
6756,Employee_6756,Sales,94522
6757,Employee_6757,Marketing,67476
6758,Employee_6758,IT,38606
6759,Employee_6759,HR,84548
6760,Employee_6760,Finance,52185
6761,Employee_6761,IT,59955
6762,Employee_6762,Finance,55106
6763,Employee_6763,IT,50173
6764,Employee_6764,Sales,94388
6765,Employee_6765,Finance,92118
6766,Employee_6766,Finance,64506
6767,Employee_6767,Marketing,90951
6768,Employee_6768,Sales,39684
6769,Employee_6769,Sales,51792
6770,Employee_6770,Sales,60125
6771,Employee_6771,IT,32485
6772,Employee_6772,Sales,97841
6773,Employee_6773,Finance,43326
6774,Employee_6774,IT,49806
6775,Employee_6775,Finance,81567
6776,Employee_6776,Marketing,33780
6777,Employee_6777,Sales,98882
6778,Employee_6778,HR,70710
6779,Employee_6779,HR,39040
6780,Employee_6780,Sales,46989
6781,Employee_6781,HR,65885
6782,Employee_6782,IT,83657
6783,Employee_6783,IT,62239
6784,Employee_6784,Marketing,95886
6785,Employee_6785,HR,45802
6786,Employee_6786,IT,37277
6787,Employee_6787,Marketing,95275
6788,Employee_6788,IT,60216
6789,Employee_6789,Marketing,65109
6790,Employee_6790,Marketing,35084
6791,Employee_6791,Marketing,46194
6792,Employee_6792,Marketing,72816
6793,Employee_6793,Finance,32722
6794,Employee_6794,Sales,66558
6795,Employee_6795,Marketing,57811
6796,Employee_6796,HR,94914
6797,Employee_6797,IT,39338
6798,Employee_6798,HR,90682
6799,Employee_6799,IT,89832
6800,Employee_6800,Sales,69187
6801,Employee_6801,Sales,91128
6802,Employee_6802,Marketing,99606
6803,Employee_6803,Sales,38030
6804,Employee_6804,Finance,68992
6805,Employee_6805,HR,73759
6806,Employee_6806,Finance,78750
6807,Employee_6807,Sales,47012
6808,Employee_6808,Finance,62306
6809,Employee_6809,Sales,48716
6810,Employee_6810,Sales,97738
6811,Employee_6811,IT,79033
6812,Employee_6812,IT,82024
6813,Employee_6813,Finance,98331
6814,Employee_6814,Finance,86242
6815,Employee_6815,Sales,59460
6816,Employee_6816,HR,78486
6817,Employee_6817,IT,98482
6818,Employee_6818,Sales,81958
6819,Employee_6819,Finance,89176
6820,Employee_6820,HR,63831
6821,Employee_6821,Finance,34684
6822,Employee_6822,IT,92805
6823,Employee_6823,IT,60794
6824,Employee_6824,Marketing,94910
6825,Employee_6825,Marketing,61340
6826,Employee_6826,Finance,52228
6827,Employee_6827,IT,88963
6828,Employee_6828,Sales,40603
6829,Employee_6829,Marketing,51649
6830,Employee_6830,Finance,40449
6831,Employee_6831,Marketing,99476
6832,Employee_6832,HR,78462
6833,Employee_6833,IT,77881
6834,Employee_6834,Marketing,78413
6835,Employee_6835,HR,90973
6836,Employee_6836,IT,32262
6837,Employee_6837,HR,46928
6838,Employee_6838,Sales,78499
6839,Employee_6839,Sales,86432
6840,Employee_6840,Sales,77674
6841,Employee_6841,IT,83616
6842,Employee_6842,IT,65452
6843,Employee_6843,IT,86057
6844,Employee_6844,Sales,74883
6845,Employee_6845,Finance,91462
6846,Employee_6846,Finance,79167
6847,Employee_6847,Sales,79072
6848,Employee_6848,IT,94355
6849,Employee_6849,Marketing,59153
6850,Employee_6850,Marketing,42525
6851,Employee_6851,IT,65306
6852,Employee_6852,Sales,66315
6853,Employee_6853,HR,72156
6854,Employee_6854,HR,92843
6855,Employee_6855,Sales,41518
6856,Employee_6856,Marketing,34292
6857,Employee_6857,IT,69032
6858,Employee_6858,HR,85492
6859,Employee_6859,Marketing,37494
6860,Employee_6860,HR,82961
6861,Employee_6861,Marketing,53409
6862,Employee_6862,Marketing,44686
6863,Employee_6863,Marketing,59334
6864,Employee_6864,IT,97004
6865,Employee_6865,Finance,64596
6866,Employee_6866,Sales,83240
6867,Employee_6867,Marketing,89361
6868,Employee_6868,Marketing,57568
6869,Employee_6869,HR,39313
6870,Employee_6870,Finance,63510
6871,Employee_6871,Sales,30360
6872,Employee_6872,IT,75542
6873,Employee_6873,Sales,76792
6874,Employee_6874,Finance,65899
6875,Employee_6875,IT,68961
6876,Employee_6876,Sales,60119
6877,Employee_6877,IT,42962
6878,Employee_6878,Finance,88667
6879,Employee_6879,HR,77087
6880,Employee_6880,Finance,45485
6881,Employee_6881,Finance,37258
6882,Employee_6882,Finance,50656
6883,Employee_6883,IT,89935
6884,Employee_6884,Finance,50275
6885,Employee_6885,IT,47375
6886,Employee_6886,Marketing,90650
6887,Employee_6887,IT,50663
6888,Employee_6888,Marketing,44129
6889,Employee_6889,IT,77462
6890,Employee_6890,Finance,58446
6891,Employee_6891,Marketing,62356
6892,Employee_6892,Sales,89089
6893,Employee_6893,Sales,47312
6894,Employee_6894,Marketing,77110
6895,Employee_6895,IT,88811
6896,Employee_6896,Marketing,84023
6897,Employee_6897,IT,32612
6898,Employee_6898,Marketing,81375
6899,Employee_6899,Marketing,43365
6900,Employee_6900,HR,64083
6901,Employee_6901,IT,67206
6902,Employee_6902,Marketing,48257
6903,Employee_6903,Finance,58965
6904,Employee_6904,IT,43427
6905,Employee_6905,Marketing,42595
6906,Employee_6906,Sales,65485
6907,Employee_6907,Sales,48167
6908,Employee_6908,Sales,63717
6909,Employee_6909,IT,58070
6910,Employee_6910,IT,93917
6911,Employee_6911,Marketing,82036
6912,Employee_6912,IT,68691
6913,Employee_6913,HR,48064
6914,Employee_6914,HR,69883
6915,Employee_6915,IT,47358
6916,Employee_6916,Marketing,44331
6917,Employee_6917,IT,70368
6918,Employee_6918,IT,99966
6919,Employee_6919,Sales,50798
6920,Employee_6920,IT,73547
6921,Employee_6921,Finance,84606
6922,Employee_6922,Finance,92004
6923,Employee_6923,Sales,64591
6924,Employee_6924,Marketing,85198
6925,Employee_6925,IT,89376
6926,Employee_6926,Finance,67168
6927,Employee_6927,IT,81444
6928,Employee_6928,Finance,69553
6929,Employee_6929,Finance,96320
6930,Employee_6930,Sales,84922
6931,Employee_6931,Marketing,49650
6932,Employee_6932,Marketing,69755
6933,Employee_6933,Finance,50762
6934,Employee_6934,IT,99778
6935,Employee_6935,IT,64080
6936,Employee_6936,Finance,94411
6937,Employee_6937,HR,92501
6938,Employee_6938,HR,89591
6939,Employee_6939,Sales,51161
6940,Employee_6940,IT,52029
6941,Employee_6941,Marketing,72162
6942,Employee_6942,HR,83505
6943,Employee_6943,IT,59651
6944,Employee_6944,Sales,30048
6945,Employee_6945,Finance,60861
6946,Employee_6946,HR,63587
6947,Employee_6947,Marketing,57288
6948,Employee_6948,Marketing,68920
6949,Employee_6949,IT,53114
6950,Employee_6950,IT,90188
6951,Employee_6951,Finance,30506
6952,Employee_6952,IT,54000
6953,Employee_6953,Sales,62430
6954,Employee_6954,HR,43981
6955,Employee_6955,HR,62462
6956,Employee_6956,IT,78983
6957,Employee_6957,Sales,77211
6958,Employee_6958,HR,76355
6959,Employee_6959,HR,76081
6960,Employee_6960,IT,77781
6961,Employee_6961,Sales,46378
6962,Employee_6962,HR,38496
6963,Employee_6963,Finance,99053
6964,Employee_6964,Sales,30242
6965,Employee_6965,IT,93619
6966,Employee_6966,IT,65118
6967,Employee_6967,IT,70165
6968,Employee_6968,Finance,42705
6969,Employee_6969,HR,63491
6970,Employee_6970,Finance,37933
6971,Employee_6971,Sales,48695
6972,Employee_6972,IT,80463
6973,Employee_6973,Finance,93804
6974,Employee_6974,Sales,80320
6975,Employee_6975,HR,49171
6976,Employee_6976,Finance,78592
6977,Employee_6977,Marketing,76049
6978,Employee_6978,Sales,45992
6979,Employee_6979,Finance,89070
6980,Employee_6980,Sales,62555
6981,Employee_6981,Marketing,78272
6982,Employee_6982,IT,47275
6983,Employee_6983,HR,32644
6984,Employee_6984,Finance,99548
6985,Employee_6985,Marketing,96092
6986,Employee_6986,Sales,93824
6987,Employee_6987,Finance,95191
6988,Employee_6988,Sales,72903
6989,Employee_6989,HR,38416
6990,Employee_6990,IT,58718
6991,Employee_6991,IT,68814
6992,Employee_6992,IT,61248
6993,Employee_6993,HR,68156
6994,Employee_6994,Sales,77991
6995,Employee_6995,IT,96215
6996,Employee_6996,Marketing,66640
6997,Employee_6997,HR,90109
6998,Employee_6998,IT,84943
6999,Employee_6999,IT,99074
7000,Employee_7000,Marketing,36145
7001,Employee_7001,Marketing,66360
7002,Employee_7002,HR,59113
7003,Employee_7003,Marketing,70271
7004,Employee_7004,IT,66879
7005,Employee_7005,Finance,92431
7006,Employee_7006,Finance,73363
7007,Employee_7007,Finance,40236
7008,Employee_7008,Sales,90342
7009,Employee_7009,IT,88516
7010,Employee_7010,Sales,87100
7011,Employee_7011,HR,81746
7012,Employee_7012,IT,70392
7013,Employee_7013,Marketing,86446
7014,Employee_7014,IT,49699
7015,Employee_7015,HR,63542
7016,Employee_7016,HR,57840
7017,Employee_7017,IT,63742
7018,Employee_7018,Marketing,94494
7019,Employee_7019,IT,60788
7020,Employee_7020,Finance,81836
7021,Employee_7021,Finance,63671
7022,Employee_7022,Sales,80925
7023,Employee_7023,Finance,34628
7024,Employee_7024,Sales,58819
7025,Employee_7025,Finance,69093
7026,Employee_7026,Finance,35346
7027,Employee_7027,IT,82184
7028,Employee_7028,IT,49162
7029,Employee_7029,Marketing,54070
7030,Employee_7030,IT,86125
7031,Employee_7031,Sales,73723
7032,Employee_7032,HR,35691
7033,Employee_7033,IT,71644
7034,Employee_7034,HR,31217
7035,Employee_7035,Sales,80915
7036,Employee_7036,HR,61473
7037,Employee_7037,IT,77409
7038,Employee_7038,HR,82693
7039,Employee_7039,HR,59353
7040,Employee_7040,HR,73452
7041,Employee_7041,Sales,50069
7042,Employee_7042,HR,48077
7043,Employee_7043,Finance,71995
7044,Employee_7044,IT,31381
7045,Employee_7045,IT,81740
7046,Employee_7046,HR,44852
7047,Employee_7047,IT,38778
7048,Employee_7048,Sales,34083
7049,Employee_7049,IT,64643
7050,Employee_7050,Finance,82332
7051,Employee_7051,HR,57403
7052,Employee_7052,Sales,32963
7053,Employee_7053,HR,39493
7054,Employee_7054,HR,84013
7055,Employee_7055,Finance,38803
7056,Employee_7056,Marketing,88678
7057,Employee_7057,IT,56693
7058,Employee_7058,Finance,99067
7059,Employee_7059,IT,57677
7060,Employee_7060,Sales,96566
7061,Employee_7061,IT,38703
7062,Employee_7062,Marketing,85765
7063,Employee_7063,Marketing,33959
7064,Employee_7064,Marketing,73561
7065,Employee_7065,HR,52989
7066,Employee_7066,IT,37673
7067,Employee_7067,Sales,91170
7068,Employee_7068,Sales,49344
7069,Employee_7069,IT,83797
7070,Employee_7070,Sales,39705
7071,Employee_7071,HR,79848
7072,Employee_7072,HR,74780
7073,Employee_7073,HR,90825
7074,Employee_7074,IT,51747
7075,Employee_7075,Finance,62354
7076,Employee_7076,Marketing,87898
7077,Employee_7077,Marketing,64154
7078,Employee_7078,Finance,49229
7079,Employee_7079,Marketing,97361
7080,Employee_7080,Sales,51114
7081,Employee_7081,Marketing,32707
7082,Employee_7082,HR,82149
7083,Employee_7083,Finance,57018
7084,Employee_7084,Sales,76745
7085,Employee_7085,HR,42182
7086,Employee_7086,HR,80101
7087,Employee_7087,HR,84221
7088,Employee_7088,Marketing,41549
7089,Employee_7089,Marketing,43313
7090,Employee_7090,Sales,38368
7091,Employee_7091,IT,52122
7092,Employee_7092,Marketing,44204
7093,Employee_7093,Finance,42702
7094,Employee_7094,Sales,99524
7095,Employee_7095,Finance,82730
7096,Employee_7096,Sales,51510
7097,Employee_7097,HR,66931
7098,Employee_7098,Marketing,81614
7099,Employee_7099,Finance,32497
7100,Employee_7100,Finance,40414
7101,Employee_7101,Marketing,35754
7102,Employee_7102,Finance,30240
7103,Employee_7103,HR,59539
7104,Employee_7104,Sales,30495
7105,Employee_7105,Sales,92217
7106,Employee_7106,Sales,93630
7107,Employee_7107,Finance,31712
7108,Employee_7108,Finance,49227
7109,Employee_7109,IT,60891
7110,Employee_7110,Marketing,42039
7111,Employee_7111,Finance,67571
7112,Employee_7112,HR,87193
7113,Employee_7113,IT,44785
7114,Employee_7114,Sales,77499
7115,Employee_7115,Marketing,43990
7116,Employee_7116,Marketing,91729
7117,Employee_7117,Marketing,91118
7118,Employee_7118,Sales,35527
7119,Employee_7119,Finance,83880
7120,Employee_7120,HR,49748
7121,Employee_7121,Finance,72179
7122,Employee_7122,IT,94393
7123,Employee_7123,Finance,66532
7124,Employee_7124,IT,69001
7125,Employee_7125,Marketing,51144
7126,Employee_7126,Sales,47822
7127,Employee_7127,IT,90825
7128,Employee_7128,Sales,75086
7129,Employee_7129,Marketing,35278
7130,Employee_7130,Finance,76868
7131,Employee_7131,IT,82935
7132,Employee_7132,Finance,78807
7133,Employee_7133,Marketing,37850
7134,Employee_7134,Sales,51749
7135,Employee_7135,IT,86270
7136,Employee_7136,Sales,91360
7137,Employee_7137,Finance,65667
7138,Employee_7138,Sales,83308
7139,Employee_7139,Marketing,81161
7140,Employee_7140,IT,49709
7141,Employee_7141,HR,45859
7142,Employee_7142,Finance,61199
7143,Employee_7143,Sales,93003
7144,Employee_7144,IT,47807
7145,Employee_7145,Finance,46592
7146,Employee_7146,Sales,85626
7147,Employee_7147,HR,45551
7148,Employee_7148,HR,30085
7149,Employee_7149,Finance,71059
7150,Employee_7150,HR,37028
7151,Employee_7151,Marketing,33520
7152,Employee_7152,Sales,55763
7153,Employee_7153,HR,91816
7154,Employee_7154,HR,81315
7155,Employee_7155,Marketing,44448
7156,Employee_7156,Marketing,56018
7157,Employee_7157,Sales,31224
7158,Employee_7158,Finance,95110
7159,Employee_7159,Marketing,81753
7160,Employee_7160,Sales,92644
7161,Employee_7161,IT,58013
7162,Employee_7162,Sales,90334
7163,Employee_7163,HR,83291
7164,Employee_7164,HR,67617
7165,Employee_7165,Finance,96211
7166,Employee_7166,IT,47295
7167,Employee_7167,Finance,67009
7168,Employee_7168,Marketing,30488
7169,Employee_7169,Marketing,67103
7170,Employee_7170,Marketing,30071
7171,Employee_7171,IT,34287
7172,Employee_7172,IT,33104
7173,Employee_7173,Marketing,54658
7174,Employee_7174,Finance,95957
7175,Employee_7175,HR,30610
7176,Employee_7176,IT,97554
7177,Employee_7177,HR,74349
7178,Employee_7178,Finance,49845
7179,Employee_7179,Marketing,45452
7180,Employee_7180,Sales,82776
7181,Employee_7181,HR,66320
7182,Employee_7182,HR,52645
7183,Employee_7183,Marketing,81469
7184,Employee_7184,IT,43164
7185,Employee_7185,Finance,80194
7186,Employee_7186,Sales,57005
7187,Employee_7187,Sales,55409
7188,Employee_7188,Sales,99689
7189,Employee_7189,Finance,44084
7190,Employee_7190,Finance,87837
7191,Employee_7191,Marketing,67988
7192,Employee_7192,HR,59102
7193,Employee_7193,HR,40417
7194,Employee_7194,HR,40745
7195,Employee_7195,Sales,46886
7196,Employee_7196,Finance,54803
7197,Employee_7197,Finance,91887
7198,Employee_7198,IT,87721
7199,Employee_7199,Finance,60574
7200,Employee_7200,HR,45767
7201,Employee_7201,Marketing,55708
7202,Employee_7202,Finance,35717
7203,Employee_7203,Sales,90610
7204,Employee_7204,Marketing,50187
7205,Employee_7205,Sales,81807
7206,Employee_7206,Finance,97905
7207,Employee_7207,Marketing,66501
7208,Employee_7208,IT,57655
7209,Employee_7209,HR,37065
7210,Employee_7210,HR,31227
7211,Employee_7211,Sales,38743
7212,Employee_7212,Marketing,47877
7213,Employee_7213,HR,87156
7214,Employee_7214,Marketing,86277
7215,Employee_7215,Sales,66480
7216,Employee_7216,IT,36402
7217,Employee_7217,Finance,77229
7218,Employee_7218,Marketing,69993
7219,Employee_7219,IT,66867
7220,Employee_7220,IT,57972
7221,Employee_7221,Finance,32926
7222,Employee_7222,Marketing,97475
7223,Employee_7223,Marketing,36888
7224,Employee_7224,Marketing,46190
7225,Employee_7225,Marketing,61673
7226,Employee_7226,IT,70827
7227,Employee_7227,Finance,54463
7228,Employee_7228,IT,40446
7229,Employee_7229,HR,63213
7230,Employee_7230,Marketing,34650
7231,Employee_7231,HR,83733
7232,Employee_7232,Marketing,36140
7233,Employee_7233,Sales,57555
7234,Employee_7234,HR,80628
7235,Employee_7235,HR,60617
7236,Employee_7236,Finance,43629
7237,Employee_7237,HR,69923
7238,Employee_7238,Sales,68473
7239,Employee_7239,IT,53875
7240,Employee_7240,HR,46090
7241,Employee_7241,Marketing,78970
7242,Employee_7242,Finance,87783
7243,Employee_7243,IT,88442
7244,Employee_7244,Sales,32782
7245,Employee_7245,HR,98906
7246,Employee_7246,Finance,43666
7247,Employee_7247,IT,86726
7248,Employee_7248,Finance,60642
7249,Employee_7249,Finance,47030
7250,Employee_7250,Sales,96702
7251,Employee_7251,Finance,62815
7252,Employee_7252,Sales,63169
7253,Employee_7253,Finance,94026
7254,Employee_7254,HR,94933
7255,Employee_7255,Sales,83542
7256,Employee_7256,IT,92283
7257,Employee_7257,IT,74093
7258,Employee_7258,HR,97941
7259,Employee_7259,HR,73430
7260,Employee_7260,Marketing,52154
7261,Employee_7261,Marketing,33982
7262,Employee_7262,Finance,86870
7263,Employee_7263,IT,75003
7264,Employee_7264,Sales,54897
7265,Employee_7265,Sales,65575
7266,Employee_7266,HR,87405
7267,Employee_7267,HR,88073
7268,Employee_7268,IT,85359
7269,Employee_7269,Marketing,30264
7270,Employee_7270,IT,54109
7271,Employee_7271,HR,90525
7272,Employee_7272,Marketing,96768
7273,Employee_7273,HR,79346
7274,Employee_7274,IT,45743
7275,Employee_7275,Sales,55552
7276,Employee_7276,IT,40396
7277,Employee_7277,Finance,91196
7278,Employee_7278,Sales,93001
7279,Employee_7279,Finance,53196
7280,Employee_7280,Finance,91063
7281,Employee_7281,Sales,30285
7282,Employee_7282,HR,83116
7283,Employee_7283,HR,49722
7284,Employee_7284,Marketing,42631
7285,Employee_7285,IT,75464
7286,Employee_7286,Marketing,43793
7287,Employee_7287,Finance,43081
7288,Employee_7288,Finance,73827
7289,Employee_7289,Finance,95960
7290,Employee_7290,Finance,52840
7291,Employee_7291,IT,98212
7292,Employee_7292,HR,83476
7293,Employee_7293,IT,60508
7294,Employee_7294,Finance,30414
7295,Employee_7295,Marketing,86234
7296,Employee_7296,Sales,68716
7297,Employee_7297,Marketing,91121
7298,Employee_7298,Sales,46743
7299,Employee_7299,Finance,79720
7300,Employee_7300,Sales,56613
7301,Employee_7301,Sales,36954
7302,Employee_7302,IT,54886
7303,Employee_7303,Sales,79043
7304,Employee_7304,Sales,48566
7305,Employee_7305,Sales,41146
7306,Employee_7306,IT,36576
7307,Employee_7307,IT,41504
7308,Employee_7308,Sales,96418
7309,Employee_7309,Marketing,59232
7310,Employee_7310,Marketing,34872
7311,Employee_7311,Marketing,96158
7312,Employee_7312,Marketing,34986
7313,Employee_7313,HR,63963
7314,Employee_7314,IT,57224
7315,Employee_7315,Sales,81886
7316,Employee_7316,HR,47416
7317,Employee_7317,IT,31998
7318,Employee_7318,Sales,59244
7319,Employee_7319,Sales,69399
7320,Employee_7320,IT,85688
7321,Employee_7321,IT,76284
7322,Employee_7322,IT,53553
7323,Employee_7323,Sales,46472
7324,Employee_7324,IT,83406
7325,Employee_7325,Finance,81987
7326,Employee_7326,Marketing,59568
7327,Employee_7327,Finance,49891
7328,Employee_7328,Marketing,74457
7329,Employee_7329,Sales,82466
7330,Employee_7330,HR,88221
7331,Employee_7331,HR,63737
7332,Employee_7332,Sales,37799
7333,Employee_7333,HR,86400
7334,Employee_7334,Sales,71104
7335,Employee_7335,Marketing,41042
7336,Employee_7336,Finance,73003
7337,Employee_7337,HR,73648
7338,Employee_7338,IT,85565
7339,Employee_7339,IT,93595
7340,Employee_7340,HR,80835
7341,Employee_7341,Marketing,92748
7342,Employee_7342,Marketing,79573
7343,Employee_7343,Sales,77688
7344,Employee_7344,Marketing,74860
7345,Employee_7345,Sales,38139
7346,Employee_7346,Finance,82301
7347,Employee_7347,IT,43495
7348,Employee_7348,Marketing,67498
7349,Employee_7349,Finance,68603
7350,Employee_7350,Sales,57985
7351,Employee_7351,HR,50011
7352,Employee_7352,Sales,62168
7353,Employee_7353,Sales,36995
7354,Employee_7354,Marketing,47155
7355,Employee_7355,Finance,68804
7356,Employee_7356,Marketing,86826
7357,Employee_7357,HR,41410
7358,Employee_7358,Finance,85160
7359,Employee_7359,HR,66185
7360,Employee_7360,Marketing,72122
7361,Employee_7361,IT,57928
7362,Employee_7362,Finance,87667
7363,Employee_7363,HR,86107
7364,Employee_7364,Marketing,86148
7365,Employee_7365,Sales,50316
7366,Employee_7366,HR,69505
7367,Employee_7367,Marketing,81023
7368,Employee_7368,Sales,47149
7369,Employee_7369,Marketing,49300
7370,Employee_7370,IT,37221
7371,Employee_7371,Finance,94002
7372,Employee_7372,HR,97494
7373,Employee_7373,Sales,73383
7374,Employee_7374,IT,51467
7375,Employee_7375,HR,44030
7376,Employee_7376,Sales,42150
7377,Employee_7377,HR,86574
7378,Employee_7378,Sales,81909
7379,Employee_7379,Sales,34192
7380,Employee_7380,Sales,47072
7381,Employee_7381,Marketing,46908
7382,Employee_7382,HR,99931
7383,Employee_7383,Sales,59048
7384,Employee_7384,Marketing,38305
7385,Employee_7385,Sales,67710
7386,Employee_7386,Marketing,69592
7387,Employee_7387,Sales,81242
7388,Employee_7388,HR,91841
7389,Employee_7389,Finance,71236
7390,Employee_7390,Finance,64508
7391,Employee_7391,HR,88264
7392,Employee_7392,Sales,60185
7393,Employee_7393,HR,98614
7394,Employee_7394,Marketing,90529
7395,Employee_7395,IT,46329
7396,Employee_7396,HR,34201
7397,Employee_7397,Marketing,57561
7398,Employee_7398,IT,79171
7399,Employee_7399,Sales,49141
7400,Employee_7400,Finance,63115
7401,Employee_7401,Sales,79284
7402,Employee_7402,HR,70380
7403,Employee_7403,IT,65453
7404,Employee_7404,Finance,99771
7405,Employee_7405,Finance,56382
7406,Employee_7406,Sales,49748
7407,Employee_7407,IT,63403
7408,Employee_7408,Sales,76965
7409,Employee_7409,Finance,66839
7410,Employee_7410,Sales,37185
7411,Employee_7411,Marketing,58660
7412,Employee_7412,Finance,97618
7413,Employee_7413,HR,73979
7414,Employee_7414,HR,73102
7415,Employee_7415,IT,57527
7416,Employee_7416,HR,33501
7417,Employee_7417,HR,50430
7418,Employee_7418,Sales,58133
7419,Employee_7419,Marketing,34863
7420,Employee_7420,IT,94300
7421,Employee_7421,IT,55672
7422,Employee_7422,HR,81626
7423,Employee_7423,IT,59791
7424,Employee_7424,HR,74020
7425,Employee_7425,Marketing,50067
7426,Employee_7426,Sales,54858
7427,Employee_7427,IT,46220
7428,Employee_7428,Finance,86525
7429,Employee_7429,Marketing,91834
7430,Employee_7430,Finance,46160
7431,Employee_7431,Sales,76387
7432,Employee_7432,Marketing,85250
7433,Employee_7433,Sales,74738
7434,Employee_7434,Marketing,83542
7435,Employee_7435,Finance,87604
7436,Employee_7436,Finance,33435
7437,Employee_7437,HR,61981
7438,Employee_7438,Marketing,87337
7439,Employee_7439,Sales,44418
7440,Employee_7440,Sales,90459
7441,Employee_7441,IT,88683
7442,Employee_7442,HR,97694
7443,Employee_7443,Marketing,56274
7444,Employee_7444,Finance,69210
7445,Employee_7445,HR,40167
7446,Employee_7446,Sales,59872
7447,Employee_7447,IT,82351
7448,Employee_7448,HR,62755
7449,Employee_7449,IT,72063
7450,Employee_7450,Finance,77349
7451,Employee_7451,Sales,31455
7452,Employee_7452,Marketing,65862
7453,Employee_7453,HR,67944
7454,Employee_7454,Marketing,69189
7455,Employee_7455,Marketing,38268
7456,Employee_7456,Sales,75987
7457,Employee_7457,Finance,72821
7458,Employee_7458,Finance,71131
7459,Employee_7459,Sales,81541
7460,Employee_7460,Sales,80803
7461,Employee_7461,Marketing,83655
7462,Employee_7462,HR,86549
7463,Employee_7463,Sales,55001
7464,Employee_7464,Sales,70796
7465,Employee_7465,HR,35869
7466,Employee_7466,Marketing,94005
7467,Employee_7467,Sales,68103
7468,Employee_7468,HR,43752
7469,Employee_7469,IT,49670
7470,Employee_7470,Finance,46365
7471,Employee_7471,Marketing,89943
7472,Employee_7472,IT,43865
7473,Employee_7473,Sales,55078
7474,Employee_7474,IT,41302
7475,Employee_7475,Finance,54723
7476,Employee_7476,HR,46961
7477,Employee_7477,Sales,71483
7478,Employee_7478,Sales,85891
7479,Employee_7479,Finance,59367
7480,Employee_7480,IT,44309
7481,Employee_7481,Sales,82740
7482,Employee_7482,Marketing,80922
7483,Employee_7483,Sales,59514
7484,Employee_7484,Finance,84997
7485,Employee_7485,IT,73638
7486,Employee_7486,IT,48934
7487,Employee_7487,HR,41222
7488,Employee_7488,IT,56940
7489,Employee_7489,Sales,68904
7490,Employee_7490,Finance,97733
7491,Employee_7491,IT,56161
7492,Employee_7492,Marketing,72824
7493,Employee_7493,Sales,61322
7494,Employee_7494,Sales,31280
7495,Employee_7495,Finance,67290
7496,Employee_7496,Marketing,89396
7497,Employee_7497,HR,84094
7498,Employee_7498,Marketing,35272
7499,Employee_7499,Finance,89729
7500,Employee_7500,IT,30102
7501,Employee_7501,Marketing,60602
7502,Employee_7502,HR,86632
7503,Employee_7503,Finance,44848
7504,Employee_7504,IT,74705
7505,Employee_7505,HR,49630
7506,Employee_7506,HR,69581
7507,Employee_7507,IT,32338
7508,Employee_7508,HR,58544
7509,Employee_7509,IT,32784
7510,Employee_7510,Marketing,43386
7511,Employee_7511,Sales,71625
7512,Employee_7512,IT,80136
7513,Employee_7513,Finance,77693
7514,Employee_7514,Marketing,41370
7515,Employee_7515,Sales,57438
7516,Employee_7516,IT,82026
7517,Employee_7517,HR,37970
7518,Employee_7518,Sales,57794
7519,Employee_7519,Marketing,49375
7520,Employee_7520,Sales,82733
7521,Employee_7521,Finance,81751
7522,Employee_7522,Sales,67001
7523,Employee_7523,IT,74047
7524,Employee_7524,Marketing,73564
7525,Employee_7525,Marketing,62495
7526,Employee_7526,Finance,71327
7527,Employee_7527,Marketing,77844
7528,Employee_7528,IT,81781
7529,Employee_7529,Sales,36539
7530,Employee_7530,Marketing,61563
7531,Employee_7531,IT,97947
7532,Employee_7532,Sales,82723
7533,Employee_7533,Finance,61790
7534,Employee_7534,IT,95437
7535,Employee_7535,IT,44644
7536,Employee_7536,Finance,32970
7537,Employee_7537,Sales,74443
7538,Employee_7538,HR,64495
7539,Employee_7539,Sales,97261
7540,Employee_7540,Sales,87749
7541,Employee_7541,Marketing,71520
7542,Employee_7542,HR,51340
7543,Employee_7543,HR,93056
7544,Employee_7544,Finance,76496
7545,Employee_7545,HR,48823
7546,Employee_7546,HR,50297
7547,Employee_7547,Finance,72843
7548,Employee_7548,HR,95390
7549,Employee_7549,Marketing,45481
7550,Employee_7550,Finance,75183
7551,Employee_7551,HR,95734
7552,Employee_7552,Sales,77397
7553,Employee_7553,HR,80749
7554,Employee_7554,Finance,66150
7555,Employee_7555,IT,89714
7556,Employee_7556,Marketing,74181
7557,Employee_7557,Sales,44499
7558,Employee_7558,Finance,45382
7559,Employee_7559,Sales,73240
7560,Employee_7560,Finance,51217
7561,Employee_7561,Finance,36641
7562,Employee_7562,HR,83569
7563,Employee_7563,IT,39189
7564,Employee_7564,Sales,54062
7565,Employee_7565,Marketing,42869
7566,Employee_7566,Finance,57555
7567,Employee_7567,HR,71565
7568,Employee_7568,HR,48724
7569,Employee_7569,Sales,52424
7570,Employee_7570,Finance,36233
7571,Employee_7571,Finance,30436
7572,Employee_7572,HR,57321
7573,Employee_7573,Sales,90998
7574,Employee_7574,HR,31570
7575,Employee_7575,Marketing,75566
7576,Employee_7576,Finance,67561
7577,Employee_7577,Finance,69809
7578,Employee_7578,HR,41977
7579,Employee_7579,IT,72918
7580,Employee_7580,Finance,86636
7581,Employee_7581,HR,70162
7582,Employee_7582,Marketing,53408
7583,Employee_7583,Marketing,83347
7584,Employee_7584,Marketing,94634
7585,Employee_7585,Sales,61983
7586,Employee_7586,Marketing,71728
7587,Employee_7587,IT,92643
7588,Employee_7588,Sales,90849
7589,Employee_7589,Sales,91478
7590,Employee_7590,Sales,49129
7591,Employee_7591,Sales,91014
7592,Employee_7592,IT,50578
7593,Employee_7593,Marketing,75573
7594,Employee_7594,HR,77698
7595,Employee_7595,Marketing,61417
7596,Employee_7596,Finance,80331
7597,Employee_7597,HR,87497
7598,Employee_7598,Marketing,45571
7599,Employee_7599,Sales,73053
7600,Employee_7600,Marketing,30478
7601,Employee_7601,Sales,82796
7602,Employee_7602,HR,79628
7603,Employee_7603,Sales,67897
7604,Employee_7604,Sales,82946
7605,Employee_7605,IT,67021
7606,Employee_7606,Sales,59830
7607,Employee_7607,HR,83947
7608,Employee_7608,HR,41280
7609,Employee_7609,Marketing,76835
7610,Employee_7610,Finance,96257
7611,Employee_7611,IT,81934
7612,Employee_7612,Sales,79703
7613,Employee_7613,Finance,47790
7614,Employee_7614,HR,45071
7615,Employee_7615,Marketing,50264
7616,Employee_7616,Marketing,56437
7617,Employee_7617,Marketing,99451
7618,Employee_7618,HR,75255
7619,Employee_7619,Sales,53519
7620,Employee_7620,Sales,32045
7621,Employee_7621,Sales,63673
7622,Employee_7622,HR,49814
7623,Employee_7623,HR,33495
7624,Employee_7624,Marketing,82078
7625,Employee_7625,IT,53962
7626,Employee_7626,Finance,63509
7627,Employee_7627,Marketing,42807
7628,Employee_7628,IT,93630
7629,Employee_7629,HR,61109
7630,Employee_7630,Marketing,82807
7631,Employee_7631,Sales,35609
7632,Employee_7632,Marketing,56286
7633,Employee_7633,Sales,69474
7634,Employee_7634,HR,72645
7635,Employee_7635,Marketing,94269
7636,Employee_7636,HR,69222
7637,Employee_7637,Finance,88343
7638,Employee_7638,Finance,79807
7639,Employee_7639,IT,30015
7640,Employee_7640,Finance,36026
7641,Employee_7641,Sales,72440
7642,Employee_7642,HR,51648
7643,Employee_7643,HR,54213
7644,Employee_7644,IT,87880
7645,Employee_7645,Marketing,84025
7646,Employee_7646,IT,51329
7647,Employee_7647,Finance,31124
7648,Employee_7648,Sales,81440
7649,Employee_7649,Sales,38231
7650,Employee_7650,IT,93919
7651,Employee_7651,HR,81554
7652,Employee_7652,Marketing,84246
7653,Employee_7653,HR,80272
7654,Employee_7654,IT,38514
7655,Employee_7655,HR,63548
7656,Employee_7656,IT,84113
7657,Employee_7657,Marketing,37402
7658,Employee_7658,Marketing,34354
7659,Employee_7659,Finance,38634
7660,Employee_7660,Marketing,58375
7661,Employee_7661,Sales,44052
7662,Employee_7662,Marketing,49901
7663,Employee_7663,Sales,64685
7664,Employee_7664,HR,67925
7665,Employee_7665,Marketing,44006
7666,Employee_7666,IT,68463
7667,Employee_7667,Finance,76846
7668,Employee_7668,IT,50886
7669,Employee_7669,Finance,57740
7670,Employee_7670,IT,71325
7671,Employee_7671,Sales,59383
7672,Employee_7672,Finance,80729
7673,Employee_7673,IT,41752
7674,Employee_7674,Sales,50249
7675,Employee_7675,Finance,87827
7676,Employee_7676,IT,36414
7677,Employee_7677,Finance,62679
7678,Employee_7678,Finance,65935
7679,Employee_7679,IT,97507
7680,Employee_7680,HR,73027
7681,Employee_7681,Marketing,99700
7682,Employee_7682,Marketing,56487
7683,Employee_7683,HR,49608
7684,Employee_7684,HR,97042
7685,Employee_7685,Finance,80778
7686,Employee_7686,IT,74632
7687,Employee_7687,Marketing,75481
7688,Employee_7688,Sales,63012
7689,Employee_7689,IT,52790
7690,Employee_7690,Marketing,52026
7691,Employee_7691,Marketing,59933
7692,Employee_7692,HR,50981
7693,Employee_7693,Finance,48360
7694,Employee_7694,HR,51813
7695,Employee_7695,Sales,31873
7696,Employee_7696,HR,32838
7697,Employee_7697,Marketing,85297
7698,Employee_7698,HR,50788
7699,Employee_7699,Sales,70095
7700,Employee_7700,HR,91145
7701,Employee_7701,Sales,99719
7702,Employee_7702,Finance,45281
7703,Employee_7703,Sales,38214
7704,Employee_7704,IT,49984
7705,Employee_7705,Finance,83698
7706,Employee_7706,HR,70076
7707,Employee_7707,Marketing,36907
7708,Employee_7708,Marketing,70891
7709,Employee_7709,HR,32882
7710,Employee_7710,Sales,37495
7711,Employee_7711,Sales,31160
7712,Employee_7712,Finance,66856
7713,Employee_7713,Marketing,99692
7714,Employee_7714,HR,52274
7715,Employee_7715,Marketing,62285
7716,Employee_7716,Marketing,36854
7717,Employee_7717,IT,90664
7718,Employee_7718,Marketing,82281
7719,Employee_7719,HR,50831
7720,Employee_7720,Finance,70582
7721,Employee_7721,Marketing,94274
7722,Employee_7722,IT,69778
7723,Employee_7723,Finance,72391
7724,Employee_7724,IT,39106
7725,Employee_7725,HR,30331
7726,Employee_7726,HR,91306
7727,Employee_7727,HR,36328
7728,Employee_7728,Marketing,67057
7729,Employee_7729,HR,74337
7730,Employee_7730,IT,65520
7731,Employee_7731,Marketing,85178
7732,Employee_7732,IT,98191
7733,Employee_7733,Finance,47731
7734,Employee_7734,HR,43843
7735,Employee_7735,Sales,34048
7736,Employee_7736,IT,69016
7737,Employee_7737,IT,50206
7738,Employee_7738,IT,46521
7739,Employee_7739,Marketing,69331
7740,Employee_7740,IT,54152
7741,Employee_7741,Sales,56009
7742,Employee_7742,Marketing,82779
7743,Employee_7743,Finance,43142
7744,Employee_7744,IT,68586
7745,Employee_7745,HR,86830
7746,Employee_7746,Finance,44406
7747,Employee_7747,Sales,42643
7748,Employee_7748,Finance,98410
7749,Employee_7749,Finance,87448
7750,Employee_7750,Marketing,74145
7751,Employee_7751,Marketing,68887
7752,Employee_7752,HR,70414
7753,Employee_7753,Sales,73704
7754,Employee_7754,Finance,63975
7755,Employee_7755,Marketing,73019
7756,Employee_7756,IT,57308
7757,Employee_7757,HR,41275
7758,Employee_7758,IT,53426
7759,Employee_7759,Finance,41331
7760,Employee_7760,Marketing,99486
7761,Employee_7761,Finance,97269
7762,Employee_7762,Finance,60629
7763,Employee_7763,Sales,42777
7764,Employee_7764,Finance,65055
7765,Employee_7765,Marketing,92321
7766,Employee_7766,HR,33824
7767,Employee_7767,Finance,83411
7768,Employee_7768,IT,87660
7769,Employee_7769,IT,86243
7770,Employee_7770,Sales,62925
7771,Employee_7771,Finance,31241
7772,Employee_7772,HR,63968
7773,Employee_7773,Finance,97022
7774,Employee_7774,Finance,46148
7775,Employee_7775,Marketing,54892
7776,Employee_7776,Sales,83221
7777,Employee_7777,Marketing,57477
7778,Employee_7778,IT,70352
7779,Employee_7779,HR,61248
7780,Employee_7780,IT,86193
7781,Employee_7781,Finance,75481
7782,Employee_7782,HR,41857
7783,Employee_7783,Finance,81649
7784,Employee_7784,Sales,71385
7785,Employee_7785,Marketing,39312
7786,Employee_7786,Sales,88551
7787,Employee_7787,Sales,77722
7788,Employee_7788,Sales,74371
7789,Employee_7789,Marketing,90885
7790,Employee_7790,IT,50003
7791,Employee_7791,HR,75864
7792,Employee_7792,Marketing,76708
7793,Employee_7793,Finance,82861
7794,Employee_7794,HR,70167
7795,Employee_7795,Sales,87196
7796,Employee_7796,IT,72690
7797,Employee_7797,Finance,91442
7798,Employee_7798,IT,61910
7799,Employee_7799,IT,59834
7800,Employee_7800,Sales,50120
7801,Employee_7801,HR,33211
7802,Employee_7802,Finance,65673
7803,Employee_7803,Marketing,96275
7804,Employee_7804,Sales,92271
7805,Employee_7805,HR,63646
7806,Employee_7806,HR,83896
7807,Employee_7807,HR,49932
7808,Employee_7808,Sales,83199
7809,Employee_7809,HR,85343
7810,Employee_7810,Finance,68984
7811,Employee_7811,Sales,30171
7812,Employee_7812,Marketing,90667
7813,Employee_7813,Sales,69493
7814,Employee_7814,Finance,62016
7815,Employee_7815,HR,67422
7816,Employee_7816,HR,85314
7817,Employee_7817,Finance,70827
7818,Employee_7818,Sales,33558
7819,Employee_7819,Finance,64353
7820,Employee_7820,Sales,75843
7821,Employee_7821,IT,58988
7822,Employee_7822,Finance,69070
7823,Employee_7823,Finance,82894
7824,Employee_7824,IT,97148
7825,Employee_7825,Sales,71222
7826,Employee_7826,IT,78171
7827,Employee_7827,IT,71336
7828,Employee_7828,Marketing,89966
7829,Employee_7829,HR,71428
7830,Employee_7830,HR,69527
7831,Employee_7831,Finance,88214
7832,Employee_7832,Sales,84490
7833,Employee_7833,HR,47638
7834,Employee_7834,IT,48802
7835,Employee_7835,Finance,69811
7836,Employee_7836,Finance,87136
7837,Employee_7837,IT,65836
7838,Employee_7838,Sales,86533
7839,Employee_7839,IT,31348
7840,Employee_7840,Sales,86497
7841,Employee_7841,Marketing,48197
7842,Employee_7842,Marketing,59376
7843,Employee_7843,Finance,64035
7844,Employee_7844,Sales,57501
7845,Employee_7845,IT,47949
7846,Employee_7846,Sales,54538
7847,Employee_7847,Finance,79010
7848,Employee_7848,IT,30632
7849,Employee_7849,HR,51562
7850,Employee_7850,IT,86493
7851,Employee_7851,Finance,81103
7852,Employee_7852,IT,75067
7853,Employee_7853,Marketing,68707
7854,Employee_7854,Marketing,51799
7855,Employee_7855,Finance,68219
7856,Employee_7856,IT,60412
7857,Employee_7857,Finance,37284
7858,Employee_7858,Sales,76815
7859,Employee_7859,Finance,84017
7860,Employee_7860,Marketing,66366
7861,Employee_7861,Marketing,75567
7862,Employee_7862,HR,80253
7863,Employee_7863,IT,72582
7864,Employee_7864,Finance,75934
7865,Employee_7865,IT,37333
7866,Employee_7866,Finance,92640
7867,Employee_7867,IT,51003
7868,Employee_7868,IT,80004
7869,Employee_7869,Marketing,53676
7870,Employee_7870,HR,95749
7871,Employee_7871,Finance,32136
7872,Employee_7872,Sales,91087
7873,Employee_7873,Sales,73085
7874,Employee_7874,IT,58139
7875,Employee_7875,HR,43260
7876,Employee_7876,Marketing,83894
7877,Employee_7877,Finance,51303
7878,Employee_7878,HR,59403
7879,Employee_7879,Finance,55368
7880,Employee_7880,Marketing,78382
7881,Employee_7881,HR,95701
7882,Employee_7882,Marketing,32156
7883,Employee_7883,HR,64292
7884,Employee_7884,IT,33029
7885,Employee_7885,Marketing,35902
7886,Employee_7886,HR,75981
7887,Employee_7887,Sales,82788
7888,Employee_7888,IT,40513
7889,Employee_7889,Finance,62884
7890,Employee_7890,IT,86403
7891,Employee_7891,IT,33109
7892,Employee_7892,IT,72774
7893,Employee_7893,HR,92592
7894,Employee_7894,Sales,69421
7895,Employee_7895,Marketing,57189
7896,Employee_7896,Sales,95495
7897,Employee_7897,IT,97710
7898,Employee_7898,IT,53941
7899,Employee_7899,Sales,77863
7900,Employee_7900,HR,91232
7901,Employee_7901,Finance,76643
7902,Employee_7902,Marketing,97239
7903,Employee_7903,HR,32773
7904,Employee_7904,IT,61516
7905,Employee_7905,IT,86597
7906,Employee_7906,Finance,52405
7907,Employee_7907,HR,76476
7908,Employee_7908,IT,33719
7909,Employee_7909,IT,94577
7910,Employee_7910,Marketing,92801
7911,Employee_7911,Finance,34250
7912,Employee_7912,Finance,40964
7913,Employee_7913,Finance,82663
7914,Employee_7914,Finance,99868
7915,Employee_7915,Sales,88257
7916,Employee_7916,IT,50920
7917,Employee_7917,IT,68715
7918,Employee_7918,HR,59315
7919,Employee_7919,Marketing,44904
7920,Employee_7920,Sales,54718
7921,Employee_7921,HR,37265
7922,Employee_7922,Sales,73934
7923,Employee_7923,Sales,79664
7924,Employee_7924,Sales,98098
7925,Employee_7925,Marketing,33297
7926,Employee_7926,Marketing,80348
7927,Employee_7927,HR,83797
7928,Employee_7928,HR,77453
7929,Employee_7929,HR,47828
7930,Employee_7930,Marketing,93848
7931,Employee_7931,Marketing,72155
7932,Employee_7932,Finance,75970
7933,Employee_7933,IT,64799
7934,Employee_7934,Marketing,41286
7935,Employee_7935,IT,49413
7936,Employee_7936,HR,71104
7937,Employee_7937,HR,35522
7938,Employee_7938,HR,32209
7939,Employee_7939,Finance,59496
7940,Employee_7940,Finance,92039
7941,Employee_7941,HR,95823
7942,Employee_7942,Sales,57036
7943,Employee_7943,Sales,42695
7944,Employee_7944,HR,39704
7945,Employee_7945,Marketing,68960
7946,Employee_7946,Finance,74570
7947,Employee_7947,Marketing,89537
7948,Employee_7948,HR,76825
7949,Employee_7949,IT,40039
7950,Employee_7950,Sales,44405
7951,Employee_7951,IT,74830
7952,Employee_7952,Finance,95828
7953,Employee_7953,Marketing,30122
7954,Employee_7954,Sales,83092
7955,Employee_7955,Finance,68188
7956,Employee_7956,Sales,96175
7957,Employee_7957,HR,97866
7958,Employee_7958,Marketing,93537
7959,Employee_7959,Marketing,84832
7960,Employee_7960,Sales,73408
7961,Employee_7961,Marketing,70726
7962,Employee_7962,Finance,70727
7963,Employee_7963,HR,70940
7964,Employee_7964,Marketing,75915
7965,Employee_7965,Marketing,89013
7966,Employee_7966,Marketing,78695
7967,Employee_7967,Marketing,56876
7968,Employee_7968,Sales,67854
7969,Employee_7969,Sales,58691
7970,Employee_7970,Sales,47110
7971,Employee_7971,Marketing,41558
7972,Employee_7972,HR,31184
7973,Employee_7973,Finance,49700
7974,Employee_7974,HR,54736
7975,Employee_7975,HR,32149
7976,Employee_7976,IT,69627
7977,Employee_7977,Sales,74091
7978,Employee_7978,Sales,81452
7979,Employee_7979,HR,88642
7980,Employee_7980,HR,99518
7981,Employee_7981,IT,47187
7982,Employee_7982,IT,69258
7983,Employee_7983,Finance,91436
7984,Employee_7984,Marketing,69806
7985,Employee_7985,Finance,74007
7986,Employee_7986,HR,99610
7987,Employee_7987,Sales,57995
7988,Employee_7988,IT,81714
7989,Employee_7989,IT,40176
7990,Employee_7990,Finance,40044
7991,Employee_7991,Marketing,84845
7992,Employee_7992,Sales,61932
7993,Employee_7993,Sales,42055
7994,Employee_7994,IT,74849
7995,Employee_7995,IT,41963
7996,Employee_7996,Marketing,91165
7997,Employee_7997,Marketing,58161
7998,Employee_7998,HR,52688
7999,Employee_7999,Marketing,50286
8000,Employee_8000,Sales,39310
8001,Employee_8001,Marketing,92006
8002,Employee_8002,IT,59685
8003,Employee_8003,HR,69041
8004,Employee_8004,HR,86482
8005,Employee_8005,Finance,76984
8006,Employee_8006,HR,36704
8007,Employee_8007,Marketing,41621
8008,Employee_8008,HR,50087
8009,Employee_8009,HR,41714
8010,Employee_8010,IT,98238
8011,Employee_8011,Marketing,44436
8012,Employee_8012,Marketing,52351
8013,Employee_8013,Sales,79793
8014,Employee_8014,IT,78714
8015,Employee_8015,IT,57937
8016,Employee_8016,Sales,76138
8017,Employee_8017,Marketing,88462
8018,Employee_8018,Sales,76971
8019,Employee_8019,IT,62476
8020,Employee_8020,Finance,83974
8021,Employee_8021,HR,69117
8022,Employee_8022,Marketing,51881
8023,Employee_8023,Marketing,83119
8024,Employee_8024,Finance,87706
8025,Employee_8025,IT,42308
8026,Employee_8026,Marketing,98631
8027,Employee_8027,IT,80263
8028,Employee_8028,Marketing,98800
8029,Employee_8029,HR,65166
8030,Employee_8030,HR,44925
8031,Employee_8031,IT,31019
8032,Employee_8032,Sales,98971
8033,Employee_8033,Marketing,97079
8034,Employee_8034,HR,51435
8035,Employee_8035,IT,66031
8036,Employee_8036,Sales,69949
8037,Employee_8037,Marketing,89936
8038,Employee_8038,Marketing,96646
8039,Employee_8039,Sales,50348
8040,Employee_8040,HR,81367
8041,Employee_8041,HR,47293
8042,Employee_8042,IT,88025
8043,Employee_8043,Marketing,40168
8044,Employee_8044,Finance,55674
8045,Employee_8045,Marketing,47616
8046,Employee_8046,HR,31415
8047,Employee_8047,IT,79430
8048,Employee_8048,IT,65953
8049,Employee_8049,Sales,47761
8050,Employee_8050,HR,74985
8051,Employee_8051,Marketing,48283
8052,Employee_8052,Finance,97746
8053,Employee_8053,Marketing,52017
8054,Employee_8054,HR,73718
8055,Employee_8055,Marketing,38032
8056,Employee_8056,Marketing,70042
8057,Employee_8057,Sales,70746
8058,Employee_8058,Finance,34826
8059,Employee_8059,Finance,30457
8060,Employee_8060,Finance,71999
8061,Employee_8061,HR,47025
8062,Employee_8062,Marketing,98963
8063,Employee_8063,Sales,53379
8064,Employee_8064,IT,34197
8065,Employee_8065,Marketing,84572
8066,Employee_8066,Marketing,63076
8067,Employee_8067,IT,95152
8068,Employee_8068,Marketing,69128
8069,Employee_8069,Marketing,61824
8070,Employee_8070,Finance,39637
8071,Employee_8071,HR,32791
8072,Employee_8072,Sales,50569
8073,Employee_8073,IT,68051
8074,Employee_8074,Finance,43154
8075,Employee_8075,HR,44841
8076,Employee_8076,Sales,36017
8077,Employee_8077,HR,30081
8078,Employee_8078,Marketing,68316
8079,Employee_8079,HR,65328
8080,Employee_8080,IT,77205
8081,Employee_8081,HR,37436
8082,Employee_8082,HR,44003
8083,Employee_8083,Sales,66475
8084,Employee_8084,IT,62756
8085,Employee_8085,HR,73744
8086,Employee_8086,IT,57832
8087,Employee_8087,Sales,97192
8088,Employee_8088,Finance,85758
8089,Employee_8089,Marketing,51538
8090,Employee_8090,IT,96823
8091,Employee_8091,Finance,90875
8092,Employee_8092,Sales,89867
8093,Employee_8093,Marketing,40180
8094,Employee_8094,HR,38650
8095,Employee_8095,Finance,90158
8096,Employee_8096,HR,90247
8097,Employee_8097,Marketing,40776
8098,Employee_8098,IT,84327
8099,Employee_8099,HR,86121
8100,Employee_8100,Marketing,71718
8101,Employee_8101,Marketing,76967
8102,Employee_8102,Sales,64085
8103,Employee_8103,Sales,64058
8104,Employee_8104,HR,42246
8105,Employee_8105,IT,74469
8106,Employee_8106,Finance,40652
8107,Employee_8107,Sales,47428
8108,Employee_8108,Finance,75610
8109,Employee_8109,Finance,43397
8110,Employee_8110,HR,47566
8111,Employee_8111,HR,57019
8112,Employee_8112,Sales,90253
8113,Employee_8113,Marketing,42069
8114,Employee_8114,Finance,42383
8115,Employee_8115,HR,97161
8116,Employee_8116,HR,80264
8117,Employee_8117,HR,61119
8118,Employee_8118,Finance,52065
8119,Employee_8119,IT,93959
8120,Employee_8120,IT,88697
8121,Employee_8121,IT,71395
8122,Employee_8122,IT,48270
8123,Employee_8123,Finance,73714
8124,Employee_8124,HR,36259
8125,Employee_8125,Finance,33601
8126,Employee_8126,HR,82571
8127,Employee_8127,Finance,81616
8128,Employee_8128,Marketing,55456
8129,Employee_8129,Sales,52590
8130,Employee_8130,HR,77755
8131,Employee_8131,Sales,77679
8132,Employee_8132,Marketing,36433
8133,Employee_8133,Finance,82359
8134,Employee_8134,Finance,36686
8135,Employee_8135,HR,69080
8136,Employee_8136,Finance,41160
8137,Employee_8137,HR,98418
8138,Employee_8138,Marketing,64741
8139,Employee_8139,Finance,41530
8140,Employee_8140,Marketing,46377
8141,Employee_8141,Marketing,40600
8142,Employee_8142,Marketing,88562
8143,Employee_8143,Finance,31821
8144,Employee_8144,Marketing,43767
8145,Employee_8145,Sales,30473
8146,Employee_8146,Marketing,79813
8147,Employee_8147,HR,30002
8148,Employee_8148,Sales,34386
8149,Employee_8149,IT,53545
8150,Employee_8150,Finance,36946
8151,Employee_8151,Marketing,31929
8152,Employee_8152,HR,61630
8153,Employee_8153,Finance,70636
8154,Employee_8154,HR,82780
8155,Employee_8155,IT,82915
8156,Employee_8156,Finance,43910
8157,Employee_8157,IT,55699
8158,Employee_8158,Marketing,33761
8159,Employee_8159,Marketing,97758
8160,Employee_8160,Finance,55197
8161,Employee_8161,IT,36814
8162,Employee_8162,Finance,65304
8163,Employee_8163,IT,90663
8164,Employee_8164,Finance,90308
8165,Employee_8165,Marketing,52870
8166,Employee_8166,Sales,34675
8167,Employee_8167,Finance,74548
8168,Employee_8168,HR,75293
8169,Employee_8169,Sales,73043
8170,Employee_8170,Marketing,62959
8171,Employee_8171,IT,62937
8172,Employee_8172,IT,39241
8173,Employee_8173,Marketing,34794
8174,Employee_8174,Marketing,80202
8175,Employee_8175,IT,91199
8176,Employee_8176,Marketing,56732
8177,Employee_8177,Marketing,84746
8178,Employee_8178,Marketing,94647
8179,Employee_8179,HR,71290
8180,Employee_8180,HR,83311
8181,Employee_8181,Sales,72202
8182,Employee_8182,IT,32726
8183,Employee_8183,Marketing,67242
8184,Employee_8184,IT,33260
8185,Employee_8185,Sales,46980
8186,Employee_8186,IT,33926
8187,Employee_8187,Sales,61173
8188,Employee_8188,Marketing,69119
8189,Employee_8189,HR,65154
8190,Employee_8190,Sales,53855
8191,Employee_8191,Sales,86242
8192,Employee_8192,Sales,55290
8193,Employee_8193,IT,82266
8194,Employee_8194,Finance,93346
8195,Employee_8195,Sales,61888
8196,Employee_8196,Finance,60578
8197,Employee_8197,Finance,76856
8198,Employee_8198,Sales,76432
8199,Employee_8199,Marketing,83026
8200,Employee_8200,Marketing,82737
8201,Employee_8201,Sales,87623
8202,Employee_8202,Marketing,77677
8203,Employee_8203,Sales,99848
8204,Employee_8204,HR,62416
8205,Employee_8205,Finance,62856
8206,Employee_8206,Marketing,60433
8207,Employee_8207,IT,70678
8208,Employee_8208,IT,59983
8209,Employee_8209,Sales,44786
8210,Employee_8210,HR,61939
8211,Employee_8211,Finance,55952
8212,Employee_8212,IT,62663
8213,Employee_8213,Marketing,63832
8214,Employee_8214,Sales,91906
8215,Employee_8215,Finance,46885
8216,Employee_8216,Marketing,52841
8217,Employee_8217,IT,34477
8218,Employee_8218,Sales,53718
8219,Employee_8219,HR,50614
8220,Employee_8220,Sales,89757
8221,Employee_8221,Marketing,85168
8222,Employee_8222,Marketing,78372
8223,Employee_8223,HR,81437
8224,Employee_8224,Marketing,44316
8225,Employee_8225,Marketing,77216
8226,Employee_8226,Marketing,42057
8227,Employee_8227,Marketing,37368
8228,Employee_8228,Finance,60955
8229,Employee_8229,IT,52763
8230,Employee_8230,Marketing,46171
8231,Employee_8231,Finance,39952
8232,Employee_8232,Marketing,42275
8233,Employee_8233,Sales,98742
8234,Employee_8234,HR,40063
8235,Employee_8235,Finance,83294
8236,Employee_8236,Marketing,75845
8237,Employee_8237,HR,69502
8238,Employee_8238,IT,45270
8239,Employee_8239,Sales,74818
8240,Employee_8240,IT,99211
8241,Employee_8241,Marketing,76816
8242,Employee_8242,IT,95355
8243,Employee_8243,Marketing,35019
8244,Employee_8244,HR,70918
8245,Employee_8245,Marketing,84986
8246,Employee_8246,HR,90552
8247,Employee_8247,Sales,65989
8248,Employee_8248,Marketing,58560
8249,Employee_8249,IT,74599
8250,Employee_8250,HR,33236
8251,Employee_8251,Marketing,45210
8252,Employee_8252,Marketing,49948
8253,Employee_8253,Finance,52916
8254,Employee_8254,Sales,92265
8255,Employee_8255,HR,96475
8256,Employee_8256,IT,72609
8257,Employee_8257,Sales,94821
8258,Employee_8258,IT,48437
8259,Employee_8259,IT,71902
8260,Employee_8260,Marketing,64662
8261,Employee_8261,Marketing,67293
8262,Employee_8262,HR,85372
8263,Employee_8263,Marketing,59788
8264,Employee_8264,HR,36456
8265,Employee_8265,Finance,96127
8266,Employee_8266,Sales,77594
8267,Employee_8267,Marketing,60618
8268,Employee_8268,Finance,77515
8269,Employee_8269,HR,92685
8270,Employee_8270,HR,63152
8271,Employee_8271,Marketing,44902
8272,Employee_8272,IT,95489
8273,Employee_8273,Sales,59152
8274,Employee_8274,IT,37893
8275,Employee_8275,IT,58191
8276,Employee_8276,Sales,95821
8277,Employee_8277,HR,75438
8278,Employee_8278,Sales,57929
8279,Employee_8279,IT,56506
8280,Employee_8280,Marketing,60473
8281,Employee_8281,Finance,30546
8282,Employee_8282,Finance,61056
8283,Employee_8283,IT,67770
8284,Employee_8284,Finance,92779
8285,Employee_8285,HR,91194
8286,Employee_8286,Finance,83895
8287,Employee_8287,HR,86430
8288,Employee_8288,Sales,94643
8289,Employee_8289,Finance,98230
8290,Employee_8290,Marketing,92326
8291,Employee_8291,IT,34381
8292,Employee_8292,Finance,47549
8293,Employee_8293,Marketing,69684
8294,Employee_8294,HR,70414
8295,Employee_8295,Marketing,87564
8296,Employee_8296,Finance,62494
8297,Employee_8297,HR,34088
8298,Employee_8298,Finance,32934
8299,Employee_8299,Sales,63150
8300,Employee_8300,HR,48483
8301,Employee_8301,Finance,78184
8302,Employee_8302,Marketing,59462
8303,Employee_8303,Finance,30835
8304,Employee_8304,Sales,63954
8305,Employee_8305,IT,77216
8306,Employee_8306,Finance,89565
8307,Employee_8307,Finance,77974
8308,Employee_8308,Sales,87895
8309,Employee_8309,Finance,97660
8310,Employee_8310,IT,44467
8311,Employee_8311,IT,44904
8312,Employee_8312,IT,61112
8313,Employee_8313,Marketing,83902
8314,Employee_8314,HR,83779
8315,Employee_8315,IT,87082
8316,Employee_8316,Marketing,94048
8317,Employee_8317,Sales,43671
8318,Employee_8318,IT,35977
8319,Employee_8319,HR,45159
8320,Employee_8320,Marketing,58616
8321,Employee_8321,IT,76568
8322,Employee_8322,IT,96399
8323,Employee_8323,Finance,34845
8324,Employee_8324,Finance,33207
8325,Employee_8325,Marketing,54904
8326,Employee_8326,HR,31166
8327,Employee_8327,Marketing,88453
8328,Employee_8328,HR,73338
8329,Employee_8329,HR,37650
8330,Employee_8330,Finance,60837
8331,Employee_8331,IT,74651
8332,Employee_8332,IT,70899
8333,Employee_8333,Sales,80375
8334,Employee_8334,Marketing,84203
8335,Employee_8335,HR,52193
8336,Employee_8336,Sales,51107
8337,Employee_8337,Finance,78190
8338,Employee_8338,Marketing,87773
8339,Employee_8339,HR,83080
8340,Employee_8340,Finance,92092
8341,Employee_8341,Marketing,63082
8342,Employee_8342,Finance,59666
8343,Employee_8343,Finance,95688
8344,Employee_8344,Finance,61936
8345,Employee_8345,Marketing,72885
8346,Employee_8346,IT,52831
8347,Employee_8347,Sales,68266
8348,Employee_8348,IT,44834
8349,Employee_8349,Sales,98308
8350,Employee_8350,Finance,57842
8351,Employee_8351,Sales,49785
8352,Employee_8352,Sales,40092
8353,Employee_8353,IT,48324
8354,Employee_8354,HR,75048
8355,Employee_8355,Marketing,77099
8356,Employee_8356,Marketing,98118
8357,Employee_8357,Sales,71820
8358,Employee_8358,Sales,91298
8359,Employee_8359,Sales,63512
8360,Employee_8360,Marketing,37147
8361,Employee_8361,Finance,43419
8362,Employee_8362,Marketing,78936
8363,Employee_8363,IT,88547
8364,Employee_8364,HR,75413
8365,Employee_8365,Finance,40780
8366,Employee_8366,Marketing,89982
8367,Employee_8367,Sales,46576
8368,Employee_8368,Sales,39384
8369,Employee_8369,IT,46758
8370,Employee_8370,IT,48287
8371,Employee_8371,HR,41181
8372,Employee_8372,IT,72329
8373,Employee_8373,Finance,48239
8374,Employee_8374,Finance,75495
8375,Employee_8375,Finance,52344
8376,Employee_8376,HR,80232
8377,Employee_8377,IT,76160
8378,Employee_8378,Finance,85333
8379,Employee_8379,HR,35290
8380,Employee_8380,Finance,90320
8381,Employee_8381,Marketing,75820
8382,Employee_8382,IT,72435
8383,Employee_8383,Marketing,60448
8384,Employee_8384,Finance,78541
8385,Employee_8385,IT,99538
8386,Employee_8386,Marketing,40591
8387,Employee_8387,Sales,38844
8388,Employee_8388,Finance,30861
8389,Employee_8389,HR,41738
8390,Employee_8390,Finance,94753
8391,Employee_8391,Finance,50736
8392,Employee_8392,Finance,49570
8393,Employee_8393,HR,61888
8394,Employee_8394,Finance,69043
8395,Employee_8395,Sales,64694
8396,Employee_8396,HR,79501
8397,Employee_8397,Marketing,73893
8398,Employee_8398,HR,87971
8399,Employee_8399,Marketing,47550
8400,Employee_8400,Marketing,63975
8401,Employee_8401,IT,67052
8402,Employee_8402,Sales,48476
8403,Employee_8403,Finance,76913
8404,Employee_8404,Sales,37539
8405,Employee_8405,Finance,52166
8406,Employee_8406,HR,78648
8407,Employee_8407,HR,82094
8408,Employee_8408,Sales,45275
8409,Employee_8409,Marketing,70342
8410,Employee_8410,Marketing,67781
8411,Employee_8411,Sales,61152
8412,Employee_8412,IT,97254
8413,Employee_8413,Marketing,34138
8414,Employee_8414,Finance,45879
8415,Employee_8415,IT,96031
8416,Employee_8416,Marketing,63803
8417,Employee_8417,Sales,83923
8418,Employee_8418,IT,44751
8419,Employee_8419,IT,75639
8420,Employee_8420,HR,77983
8421,Employee_8421,HR,48440
8422,Employee_8422,IT,85331
8423,Employee_8423,Finance,80065
8424,Employee_8424,Sales,50753
8425,Employee_8425,Finance,52835
8426,Employee_8426,Marketing,46881
8427,Employee_8427,IT,48765
8428,Employee_8428,Marketing,74786
8429,Employee_8429,IT,93334
8430,Employee_8430,HR,82195
8431,Employee_8431,HR,74702
8432,Employee_8432,Sales,76790
8433,Employee_8433,Marketing,66771
8434,Employee_8434,Sales,33882
8435,Employee_8435,Marketing,97314
8436,Employee_8436,Finance,30887
8437,Employee_8437,Finance,99071
8438,Employee_8438,Sales,61360
8439,Employee_8439,Marketing,69932
8440,Employee_8440,IT,45873
8441,Employee_8441,Sales,58779
8442,Employee_8442,Marketing,72325
8443,Employee_8443,Sales,42642
8444,Employee_8444,IT,74623
8445,Employee_8445,Marketing,68549
8446,Employee_8446,Sales,33291
8447,Employee_8447,IT,43049
8448,Employee_8448,Sales,61680
8449,Employee_8449,Finance,88751
8450,Employee_8450,Finance,96006
8451,Employee_8451,Sales,58232
8452,Employee_8452,IT,76040
8453,Employee_8453,Marketing,49776
8454,Employee_8454,Finance,72587
8455,Employee_8455,IT,39625
8456,Employee_8456,Marketing,71529
8457,Employee_8457,Sales,64066
8458,Employee_8458,Sales,31847
8459,Employee_8459,Marketing,59587
8460,Employee_8460,IT,65568
8461,Employee_8461,Marketing,68558
8462,Employee_8462,HR,50093
8463,Employee_8463,Finance,70177
8464,Employee_8464,Sales,30425
8465,Employee_8465,HR,99154
8466,Employee_8466,Marketing,62731
8467,Employee_8467,IT,70625
8468,Employee_8468,Sales,45473
8469,Employee_8469,Finance,58973
8470,Employee_8470,Sales,89508
8471,Employee_8471,IT,94991
8472,Employee_8472,Sales,56588
8473,Employee_8473,Sales,33397
8474,Employee_8474,Sales,66377
8475,Employee_8475,Marketing,67241
8476,Employee_8476,Finance,82753
8477,Employee_8477,Marketing,93242
8478,Employee_8478,IT,40997
8479,Employee_8479,Sales,32363
8480,Employee_8480,Finance,45559
8481,Employee_8481,Finance,88790
8482,Employee_8482,Sales,86971
8483,Employee_8483,Sales,60127
8484,Employee_8484,Finance,85062
8485,Employee_8485,Finance,86601
8486,Employee_8486,Sales,66863
8487,Employee_8487,HR,61933
8488,Employee_8488,Sales,66860
8489,Employee_8489,Sales,70371
8490,Employee_8490,Marketing,69673
8491,Employee_8491,HR,49242
8492,Employee_8492,Marketing,81735
8493,Employee_8493,IT,90681
8494,Employee_8494,Sales,73098
8495,Employee_8495,IT,59975
8496,Employee_8496,Marketing,79410
8497,Employee_8497,Finance,73474
8498,Employee_8498,Sales,31165
8499,Employee_8499,HR,33538
8500,Employee_8500,IT,63280
8501,Employee_8501,Marketing,90213
8502,Employee_8502,HR,68736
8503,Employee_8503,Sales,94894
8504,Employee_8504,HR,44481
8505,Employee_8505,Marketing,90049
8506,Employee_8506,HR,42170
8507,Employee_8507,IT,40099
8508,Employee_8508,IT,62803
8509,Employee_8509,HR,93949
8510,Employee_8510,HR,87770
8511,Employee_8511,IT,70109
8512,Employee_8512,HR,71145
8513,Employee_8513,Sales,79573
8514,Employee_8514,Marketing,78281
8515,Employee_8515,Sales,82855
8516,Employee_8516,Finance,46386
8517,Employee_8517,IT,69462
8518,Employee_8518,IT,39619
8519,Employee_8519,Finance,36188
8520,Employee_8520,Sales,73745
8521,Employee_8521,IT,52449
8522,Employee_8522,HR,98129
8523,Employee_8523,Finance,97644
8524,Employee_8524,Marketing,69224
8525,Employee_8525,Finance,85116
8526,Employee_8526,HR,71198
8527,Employee_8527,Finance,51742
8528,Employee_8528,IT,99190
8529,Employee_8529,Marketing,30059
8530,Employee_8530,Marketing,39019
8531,Employee_8531,IT,51904
8532,Employee_8532,Marketing,67871
8533,Employee_8533,Finance,90904
8534,Employee_8534,Marketing,57169
8535,Employee_8535,Finance,62481
8536,Employee_8536,IT,70779
8537,Employee_8537,Marketing,84078
8538,Employee_8538,IT,78318
8539,Employee_8539,Finance,40254
8540,Employee_8540,HR,33279
8541,Employee_8541,Finance,87990
8542,Employee_8542,IT,65401
8543,Employee_8543,Finance,98473
8544,Employee_8544,Sales,67619
8545,Employee_8545,Sales,57783
8546,Employee_8546,HR,86186
8547,Employee_8547,Finance,47547
8548,Employee_8548,HR,62356
8549,Employee_8549,IT,68891
8550,Employee_8550,IT,78202
8551,Employee_8551,Finance,52123
8552,Employee_8552,IT,55828
8553,Employee_8553,Marketing,49659
8554,Employee_8554,Sales,45090
8555,Employee_8555,IT,82118
8556,Employee_8556,Marketing,53842
8557,Employee_8557,Finance,71133
8558,Employee_8558,IT,90029
8559,Employee_8559,IT,87444
8560,Employee_8560,Sales,63327
8561,Employee_8561,HR,80624
8562,Employee_8562,HR,85411
8563,Employee_8563,Marketing,87436
8564,Employee_8564,Sales,70798
8565,Employee_8565,Finance,95458
8566,Employee_8566,Finance,90755
8567,Employee_8567,Finance,72012
8568,Employee_8568,HR,80313
8569,Employee_8569,Finance,62359
8570,Employee_8570,HR,67450
8571,Employee_8571,Finance,48737
8572,Employee_8572,HR,49879
8573,Employee_8573,Finance,52420
8574,Employee_8574,IT,61683
8575,Employee_8575,Marketing,71349
8576,Employee_8576,Marketing,85445
8577,Employee_8577,IT,98401
8578,Employee_8578,Marketing,88360
8579,Employee_8579,Marketing,98036
8580,Employee_8580,HR,30137
8581,Employee_8581,HR,83441
8582,Employee_8582,HR,92420
8583,Employee_8583,Marketing,35492
8584,Employee_8584,HR,89797
8585,Employee_8585,HR,99064
8586,Employee_8586,Marketing,48357
8587,Employee_8587,Sales,97469
8588,Employee_8588,Sales,61049
8589,Employee_8589,HR,79010
8590,Employee_8590,IT,75796
8591,Employee_8591,Finance,92707
8592,Employee_8592,IT,87556
8593,Employee_8593,Sales,60588
8594,Employee_8594,IT,82271
8595,Employee_8595,Sales,40136
8596,Employee_8596,Marketing,36811
8597,Employee_8597,Sales,50406
8598,Employee_8598,Marketing,47809
8599,Employee_8599,Sales,76807
8600,Employee_8600,Sales,56841
8601,Employee_8601,Marketing,49643
8602,Employee_8602,Sales,56755
8603,Employee_8603,IT,36817
8604,Employee_8604,Finance,92741
8605,Employee_8605,HR,46385
8606,Employee_8606,IT,87037
8607,Employee_8607,IT,85813
8608,Employee_8608,HR,99620
8609,Employee_8609,HR,85273
8610,Employee_8610,Sales,80343
8611,Employee_8611,Finance,33949
8612,Employee_8612,HR,59650
8613,Employee_8613,Finance,71800
8614,Employee_8614,HR,51108
8615,Employee_8615,IT,36297
8616,Employee_8616,Finance,35831
8617,Employee_8617,IT,75777
8618,Employee_8618,HR,41265
8619,Employee_8619,Finance,67005
8620,Employee_8620,Sales,41899
8621,Employee_8621,HR,52018
8622,Employee_8622,HR,66099
8623,Employee_8623,HR,85238
8624,Employee_8624,Sales,89016
8625,Employee_8625,Sales,48438
8626,Employee_8626,Marketing,68040
8627,Employee_8627,Marketing,44704
8628,Employee_8628,Finance,57319
8629,Employee_8629,Sales,57575
8630,Employee_8630,HR,52734
8631,Employee_8631,Finance,49289
8632,Employee_8632,IT,91338
8633,Employee_8633,Finance,51466
8634,Employee_8634,Finance,41541
8635,Employee_8635,Finance,48499
8636,Employee_8636,Finance,42018
8637,Employee_8637,Finance,80215
8638,Employee_8638,Marketing,53922
8639,Employee_8639,Finance,52545
8640,Employee_8640,HR,80266
8641,Employee_8641,Finance,99582
8642,Employee_8642,Finance,45515
8643,Employee_8643,Finance,57334
8644,Employee_8644,Sales,46599
8645,Employee_8645,IT,57455
8646,Employee_8646,IT,94887
8647,Employee_8647,IT,84466
8648,Employee_8648,IT,84714
8649,Employee_8649,Marketing,87885
8650,Employee_8650,IT,98305
8651,Employee_8651,IT,92536
8652,Employee_8652,Finance,40679
8653,Employee_8653,Finance,67719
8654,Employee_8654,IT,34757
8655,Employee_8655,HR,41396
8656,Employee_8656,Finance,50252
8657,Employee_8657,Sales,70436
8658,Employee_8658,Finance,53543
8659,Employee_8659,IT,49010
8660,Employee_8660,Marketing,33590
8661,Employee_8661,IT,85903
8662,Employee_8662,HR,80129
8663,Employee_8663,Sales,96451
8664,Employee_8664,Sales,67315
8665,Employee_8665,HR,54323
8666,Employee_8666,Finance,77544
8667,Employee_8667,Finance,45182
8668,Employee_8668,Finance,56979
8669,Employee_8669,IT,39568
8670,Employee_8670,IT,46724
8671,Employee_8671,Sales,74201
8672,Employee_8672,Marketing,78998
8673,Employee_8673,Finance,39355
8674,Employee_8674,IT,53915
8675,Employee_8675,Marketing,57224
8676,Employee_8676,Finance,74112
8677,Employee_8677,Finance,34317
8678,Employee_8678,HR,47021
8679,Employee_8679,HR,83677
8680,Employee_8680,IT,49924
8681,Employee_8681,IT,66917
8682,Employee_8682,Marketing,37901
8683,Employee_8683,IT,84259
8684,Employee_8684,Sales,44313
8685,Employee_8685,Marketing,82839
8686,Employee_8686,Finance,87952
8687,Employee_8687,IT,90188
8688,Employee_8688,Finance,83816
8689,Employee_8689,Marketing,37238
8690,Employee_8690,Finance,94088
8691,Employee_8691,Finance,79637
8692,Employee_8692,IT,94227
8693,Employee_8693,Marketing,36709
8694,Employee_8694,Finance,47864
8695,Employee_8695,Finance,36699
8696,Employee_8696,Finance,54700
8697,Employee_8697,IT,33330
8698,Employee_8698,Marketing,46882
8699,Employee_8699,HR,48478
8700,Employee_8700,Sales,52989
8701,Employee_8701,Marketing,43034
8702,Employee_8702,Sales,50685
8703,Employee_8703,IT,81622
8704,Employee_8704,IT,53836
8705,Employee_8705,Finance,65522
8706,Employee_8706,HR,53372
8707,Employee_8707,IT,95574
8708,Employee_8708,Sales,75400
8709,Employee_8709,IT,98244
8710,Employee_8710,HR,69160
8711,Employee_8711,Finance,62434
8712,Employee_8712,IT,38271
8713,Employee_8713,IT,49588
8714,Employee_8714,Finance,91590
8715,Employee_8715,Sales,94408
8716,Employee_8716,Sales,75251
8717,Employee_8717,IT,77462
8718,Employee_8718,Marketing,35755
8719,Employee_8719,Marketing,90893
8720,Employee_8720,IT,74912
8721,Employee_8721,Marketing,48261
8722,Employee_8722,IT,91643
8723,Employee_8723,IT,85418
8724,Employee_8724,Marketing,31091
8725,Employee_8725,HR,39815
8726,Employee_8726,Marketing,43617
8727,Employee_8727,Sales,53123
8728,Employee_8728,IT,98965
8729,Employee_8729,HR,50976
8730,Employee_8730,Marketing,60086
8731,Employee_8731,HR,60681
8732,Employee_8732,Marketing,99855
8733,Employee_8733,Sales,32623
8734,Employee_8734,IT,87669
8735,Employee_8735,IT,83847
8736,Employee_8736,Finance,78464
8737,Employee_8737,Sales,55042
8738,Employee_8738,HR,65140
8739,Employee_8739,Finance,89213
8740,Employee_8740,Finance,77650
8741,Employee_8741,Sales,69035
8742,Employee_8742,IT,74905
8743,Employee_8743,IT,79208
8744,Employee_8744,Finance,61682
8745,Employee_8745,Finance,38707
8746,Employee_8746,IT,65737
8747,Employee_8747,IT,54701
8748,Employee_8748,Marketing,77638
8749,Employee_8749,Marketing,46386
8750,Employee_8750,HR,93306
8751,Employee_8751,Sales,42306
8752,Employee_8752,Finance,44707
8753,Employee_8753,Marketing,62080
8754,Employee_8754,HR,92430
8755,Employee_8755,Marketing,88118
8756,Employee_8756,IT,41694
8757,Employee_8757,Marketing,77407
8758,Employee_8758,IT,59021
8759,Employee_8759,Marketing,70203
8760,Employee_8760,HR,57092
8761,Employee_8761,IT,56545
8762,Employee_8762,Sales,64254
8763,Employee_8763,Finance,91841
8764,Employee_8764,IT,48231
8765,Employee_8765,Sales,76765
8766,Employee_8766,Marketing,37638
8767,Employee_8767,Finance,84332
8768,Employee_8768,IT,41594
8769,Employee_8769,Marketing,69247
8770,Employee_8770,Sales,51697
8771,Employee_8771,Marketing,54068
8772,Employee_8772,Finance,86951
8773,Employee_8773,HR,91893
8774,Employee_8774,Sales,81358
8775,Employee_8775,Sales,96799
8776,Employee_8776,Marketing,35200
8777,Employee_8777,Marketing,36476
8778,Employee_8778,IT,42725
8779,Employee_8779,Sales,49175
8780,Employee_8780,HR,67723
8781,Employee_8781,Finance,60636
8782,Employee_8782,Finance,58758
8783,Employee_8783,Sales,52128
8784,Employee_8784,HR,45953
8785,Employee_8785,HR,45422
8786,Employee_8786,Sales,31699
8787,Employee_8787,HR,90067
8788,Employee_8788,Marketing,38420
8789,Employee_8789,Marketing,40639
8790,Employee_8790,Sales,47933
8791,Employee_8791,Sales,92131
8792,Employee_8792,HR,91067
8793,Employee_8793,Sales,71589
8794,Employee_8794,Finance,53081
8795,Employee_8795,IT,84065
8796,Employee_8796,Finance,46075
8797,Employee_8797,Finance,93267
8798,Employee_8798,IT,97569
8799,Employee_8799,Sales,50218
8800,Employee_8800,HR,39470
8801,Employee_8801,Finance,48812
8802,Employee_8802,IT,91076
8803,Employee_8803,HR,76514
8804,Employee_8804,Marketing,31641
8805,Employee_8805,Finance,89353
8806,Employee_8806,IT,98035
8807,Employee_8807,IT,68123
8808,Employee_8808,IT,73348
8809,Employee_8809,HR,99184
8810,Employee_8810,Marketing,43315
8811,Employee_8811,Finance,55294
8812,Employee_8812,Marketing,86210
8813,Employee_8813,IT,88035
8814,Employee_8814,HR,59475
8815,Employee_8815,HR,92605
8816,Employee_8816,Marketing,90391
8817,Employee_8817,Finance,45515
8818,Employee_8818,IT,61957
8819,Employee_8819,Marketing,70254
8820,Employee_8820,Sales,96076
8821,Employee_8821,IT,66166
8822,Employee_8822,IT,69490
8823,Employee_8823,Sales,38784
8824,Employee_8824,Sales,87963
8825,Employee_8825,Sales,51544
8826,Employee_8826,Sales,96377
8827,Employee_8827,IT,43877
8828,Employee_8828,Marketing,46751
8829,Employee_8829,Sales,93555
8830,Employee_8830,Finance,59887
8831,Employee_8831,Finance,88240
8832,Employee_8832,IT,44018
8833,Employee_8833,Finance,31211
8834,Employee_8834,HR,68177
8835,Employee_8835,Marketing,51811
8836,Employee_8836,IT,48586
8837,Employee_8837,HR,78592
8838,Employee_8838,Marketing,68954
8839,Employee_8839,HR,68689
8840,Employee_8840,Finance,82585
8841,Employee_8841,Finance,38129
8842,Employee_8842,Finance,33515
8843,Employee_8843,Finance,90616
8844,Employee_8844,Sales,87236
8845,Employee_8845,Marketing,95302
8846,Employee_8846,IT,58647
8847,Employee_8847,Marketing,48191
8848,Employee_8848,HR,49838
8849,Employee_8849,IT,95886
8850,Employee_8850,Sales,42054
8851,Employee_8851,HR,30558
8852,Employee_8852,HR,37148
8853,Employee_8853,Sales,31845
8854,Employee_8854,Marketing,55972
8855,Employee_8855,Marketing,34910
8856,Employee_8856,Marketing,50684
8857,Employee_8857,Finance,37603
8858,Employee_8858,HR,70812
8859,Employee_8859,Sales,74918
8860,Employee_8860,Finance,64176
8861,Employee_8861,HR,76509
8862,Employee_8862,Marketing,76966
8863,Employee_8863,Sales,68793
8864,Employee_8864,HR,88441
8865,Employee_8865,Finance,79892
8866,Employee_8866,Sales,37314
8867,Employee_8867,Marketing,95677
8868,Employee_8868,Sales,67702
8869,Employee_8869,IT,87549
8870,Employee_8870,Marketing,39321
8871,Employee_8871,HR,63032
8872,Employee_8872,Sales,73279
8873,Employee_8873,Finance,68305
8874,Employee_8874,Finance,48870
8875,Employee_8875,HR,54496
8876,Employee_8876,HR,36647
8877,Employee_8877,Marketing,57655
8878,Employee_8878,Sales,39676
8879,Employee_8879,IT,59170
8880,Employee_8880,IT,89376
8881,Employee_8881,HR,95862
8882,Employee_8882,Marketing,78804
8883,Employee_8883,Marketing,95837
8884,Employee_8884,Marketing,46926
8885,Employee_8885,Finance,49304
8886,Employee_8886,Marketing,45726
8887,Employee_8887,Sales,87611
8888,Employee_8888,IT,33254
8889,Employee_8889,Marketing,78355
8890,Employee_8890,IT,48323
8891,Employee_8891,Marketing,79186
8892,Employee_8892,Sales,47027
8893,Employee_8893,IT,86259
8894,Employee_8894,Sales,55677
8895,Employee_8895,Marketing,50278
8896,Employee_8896,Sales,86275
8897,Employee_8897,IT,35278
8898,Employee_8898,Marketing,47999
8899,Employee_8899,Finance,91147
8900,Employee_8900,Sales,56856
8901,Employee_8901,Sales,74232
8902,Employee_8902,Finance,44618
8903,Employee_8903,Sales,94728
8904,Employee_8904,Sales,49489
8905,Employee_8905,Sales,36912
8906,Employee_8906,IT,87962
8907,Employee_8907,Finance,40835
8908,Employee_8908,Sales,88615
8909,Employee_8909,Sales,57191
8910,Employee_8910,Finance,45000
8911,Employee_8911,Marketing,62456
8912,Employee_8912,Marketing,39248
8913,Employee_8913,Marketing,50542
8914,Employee_8914,Sales,95387
8915,Employee_8915,HR,75561
8916,Employee_8916,HR,31742
8917,Employee_8917,Finance,85968
8918,Employee_8918,HR,78196
8919,Employee_8919,Marketing,89225
8920,Employee_8920,Finance,98062
8921,Employee_8921,Sales,71792
8922,Employee_8922,Finance,53402
8923,Employee_8923,Finance,90040
8924,Employee_8924,Marketing,74981
8925,Employee_8925,HR,73722
8926,Employee_8926,Marketing,83353
8927,Employee_8927,Sales,72942
8928,Employee_8928,IT,42896
8929,Employee_8929,Sales,94153
8930,Employee_8930,HR,92061
8931,Employee_8931,IT,99998
8932,Employee_8932,Marketing,91423
8933,Employee_8933,Finance,96492
8934,Employee_8934,Sales,72090
8935,Employee_8935,HR,49384
8936,Employee_8936,Marketing,33385
8937,Employee_8937,HR,93296
8938,Employee_8938,Sales,62238
8939,Employee_8939,HR,51936
8940,Employee_8940,Finance,62512
8941,Employee_8941,HR,77825
8942,Employee_8942,HR,94706
8943,Employee_8943,HR,88950
8944,Employee_8944,HR,47626
8945,Employee_8945,Sales,31659
8946,Employee_8946,IT,43992
8947,Employee_8947,Marketing,38282
8948,Employee_8948,Finance,94767
8949,Employee_8949,Sales,77269
8950,Employee_8950,IT,47486
8951,Employee_8951,HR,75622
8952,Employee_8952,Marketing,47432
8953,Employee_8953,Sales,75038
8954,Employee_8954,Marketing,62163
8955,Employee_8955,HR,48203
8956,Employee_8956,Sales,76100
8957,Employee_8957,Finance,87693
8958,Employee_8958,HR,48812
8959,Employee_8959,IT,82941
8960,Employee_8960,Finance,35607
8961,Employee_8961,HR,88142
8962,Employee_8962,Finance,85247
8963,Employee_8963,HR,31036
8964,Employee_8964,IT,37177
8965,Employee_8965,HR,93028
8966,Employee_8966,HR,66186
8967,Employee_8967,Marketing,70892
8968,Employee_8968,Finance,68948
8969,Employee_8969,Sales,57014
8970,Employee_8970,Marketing,45547
8971,Employee_8971,HR,91008
8972,Employee_8972,HR,64232
8973,Employee_8973,Finance,91760
8974,Employee_8974,Marketing,53166
8975,Employee_8975,Finance,53342
8976,Employee_8976,Marketing,88197
8977,Employee_8977,IT,31753
8978,Employee_8978,IT,80081
8979,Employee_8979,Marketing,86011
8980,Employee_8980,IT,51022
8981,Employee_8981,IT,94717
8982,Employee_8982,IT,66330
8983,Employee_8983,HR,46494
8984,Employee_8984,HR,31362
8985,Employee_8985,IT,79632
8986,Employee_8986,IT,57289
8987,Employee_8987,Marketing,43500
8988,Employee_8988,HR,43770
8989,Employee_8989,Marketing,71848
8990,Employee_8990,HR,46322
8991,Employee_8991,Marketing,72906
8992,Employee_8992,HR,71247
8993,Employee_8993,Sales,45620
8994,Employee_8994,Finance,46256
8995,Employee_8995,Marketing,87443
8996,Employee_8996,Sales,33005
8997,Employee_8997,Finance,30043
8998,Employee_8998,Finance,73433
8999,Employee_8999,HR,74601
9000,Employee_9000,HR,89456
9001,Employee_9001,Finance,93911
9002,Employee_9002,Sales,85299
9003,Employee_9003,Sales,92890
9004,Employee_9004,Finance,82431
9005,Employee_9005,Finance,42442
9006,Employee_9006,Sales,92717
9007,Employee_9007,Marketing,57056
9008,Employee_9008,HR,84842
9009,Employee_9009,Sales,68494
9010,Employee_9010,IT,76718
9011,Employee_9011,Sales,44686
9012,Employee_9012,HR,45759
9013,Employee_9013,IT,66171
9014,Employee_9014,Marketing,34698
9015,Employee_9015,Marketing,54642
9016,Employee_9016,Finance,48301
9017,Employee_9017,Finance,99923
9018,Employee_9018,Marketing,38204
9019,Employee_9019,HR,80677
9020,Employee_9020,Sales,54608
9021,Employee_9021,Finance,71126
9022,Employee_9022,Sales,52538
9023,Employee_9023,IT,80090
9024,Employee_9024,HR,92828
9025,Employee_9025,Marketing,80620
9026,Employee_9026,Finance,58987
9027,Employee_9027,Marketing,83932
9028,Employee_9028,IT,92268
9029,Employee_9029,Marketing,82211
9030,Employee_9030,Finance,49857
9031,Employee_9031,Sales,65247
9032,Employee_9032,Sales,83745
9033,Employee_9033,Marketing,51192
9034,Employee_9034,Finance,59847
9035,Employee_9035,Marketing,62733
9036,Employee_9036,Marketing,94758
9037,Employee_9037,Marketing,97311
9038,Employee_9038,Finance,79113
9039,Employee_9039,HR,40293
9040,Employee_9040,Marketing,55411
9041,Employee_9041,Finance,90601
9042,Employee_9042,Finance,93122
9043,Employee_9043,Marketing,77151
9044,Employee_9044,Sales,52483
9045,Employee_9045,IT,80568
9046,Employee_9046,Sales,39649
9047,Employee_9047,IT,30374
9048,Employee_9048,Sales,70961
9049,Employee_9049,Marketing,61116
9050,Employee_9050,IT,49288
9051,Employee_9051,IT,95964
9052,Employee_9052,Finance,45915
9053,Employee_9053,Marketing,81431
9054,Employee_9054,Marketing,45806
9055,Employee_9055,Finance,62412
9056,Employee_9056,HR,44048
9057,Employee_9057,Marketing,57973
9058,Employee_9058,IT,62170
9059,Employee_9059,Marketing,46107
9060,Employee_9060,HR,31289
9061,Employee_9061,Sales,98951
9062,Employee_9062,Marketing,55697
9063,Employee_9063,Marketing,67350
9064,Employee_9064,IT,62388
9065,Employee_9065,Sales,40471
9066,Employee_9066,Sales,83848
9067,Employee_9067,HR,38752
9068,Employee_9068,Finance,90684
9069,Employee_9069,HR,89506
9070,Employee_9070,Marketing,58425
9071,Employee_9071,IT,59745
9072,Employee_9072,IT,95578
9073,Employee_9073,HR,82286
9074,Employee_9074,Marketing,34691
9075,Employee_9075,Sales,92870
9076,Employee_9076,IT,89147
9077,Employee_9077,Marketing,59854
9078,Employee_9078,Sales,50323
9079,Employee_9079,Finance,67215
9080,Employee_9080,Marketing,81445
9081,Employee_9081,HR,45817
9082,Employee_9082,IT,56970
9083,Employee_9083,Finance,38802
9084,Employee_9084,HR,91261
9085,Employee_9085,IT,76169
9086,Employee_9086,Marketing,75024
9087,Employee_9087,Finance,45271
9088,Employee_9088,Marketing,92000
9089,Employee_9089,Finance,77874
9090,Employee_9090,Marketing,69344
9091,Employee_9091,Marketing,64498
9092,Employee_9092,IT,76644
9093,Employee_9093,Finance,86377
9094,Employee_9094,HR,65110
9095,Employee_9095,HR,56847
9096,Employee_9096,HR,78856
9097,Employee_9097,IT,71177
9098,Employee_9098,Sales,50378
9099,Employee_9099,IT,73698
9100,Employee_9100,Marketing,75399
9101,Employee_9101,HR,97810
9102,Employee_9102,Sales,63927
9103,Employee_9103,Sales,68730
9104,Employee_9104,Finance,97206
9105,Employee_9105,Marketing,75587
9106,Employee_9106,Finance,44149
9107,Employee_9107,Sales,38976
9108,Employee_9108,IT,88403
9109,Employee_9109,HR,92613
9110,Employee_9110,IT,33991
9111,Employee_9111,Finance,83047
9112,Employee_9112,Marketing,55156
9113,Employee_9113,HR,83842
9114,Employee_9114,HR,77726
9115,Employee_9115,Sales,35627
9116,Employee_9116,Finance,71628
9117,Employee_9117,Sales,70756
9118,Employee_9118,Finance,72175
9119,Employee_9119,Marketing,57021
9120,Employee_9120,HR,36450
9121,Employee_9121,Finance,32195
9122,Employee_9122,IT,36508
9123,Employee_9123,HR,37322
9124,Employee_9124,Sales,46686
9125,Employee_9125,Sales,45533
9126,Employee_9126,HR,31832
9127,Employee_9127,Marketing,37374
9128,Employee_9128,Finance,50843
9129,Employee_9129,Sales,84863
9130,Employee_9130,IT,55329
9131,Employee_9131,Marketing,31318
9132,Employee_9132,IT,99014
9133,Employee_9133,IT,74151
9134,Employee_9134,HR,80645
9135,Employee_9135,Finance,67339
9136,Employee_9136,HR,32271
9137,Employee_9137,IT,41499
9138,Employee_9138,Finance,59278
9139,Employee_9139,Marketing,85718
9140,Employee_9140,Finance,65677
9141,Employee_9141,Finance,65637
9142,Employee_9142,Marketing,34999
9143,Employee_9143,Marketing,50537
9144,Employee_9144,Finance,71879
9145,Employee_9145,Sales,41408
9146,Employee_9146,Marketing,39506
9147,Employee_9147,IT,86960
9148,Employee_9148,Marketing,77141
9149,Employee_9149,Marketing,40332
9150,Employee_9150,HR,67790
9151,Employee_9151,Sales,52814
9152,Employee_9152,HR,87173
9153,Employee_9153,HR,83525
9154,Employee_9154,Sales,73820
9155,Employee_9155,Marketing,42747
9156,Employee_9156,HR,82147
9157,Employee_9157,Sales,77461
9158,Employee_9158,HR,75839
9159,Employee_9159,Finance,79499
9160,Employee_9160,IT,62987
9161,Employee_9161,Finance,81901
9162,Employee_9162,Sales,35997
9163,Employee_9163,Finance,93484
9164,Employee_9164,IT,88322
9165,Employee_9165,Finance,73969
9166,Employee_9166,Marketing,97563
9167,Employee_9167,Sales,78675
9168,Employee_9168,HR,36619
9169,Employee_9169,Finance,51550
9170,Employee_9170,IT,53707
9171,Employee_9171,Finance,62593
9172,Employee_9172,Marketing,76893
9173,Employee_9173,IT,41261
9174,Employee_9174,HR,60365
9175,Employee_9175,Finance,47809
9176,Employee_9176,Marketing,58371
9177,Employee_9177,Marketing,33955
9178,Employee_9178,HR,52610
9179,Employee_9179,IT,65887
9180,Employee_9180,Finance,42633
9181,Employee_9181,Sales,53727
9182,Employee_9182,IT,85488
9183,Employee_9183,Sales,68736
9184,Employee_9184,HR,68785
9185,Employee_9185,Sales,93837
9186,Employee_9186,HR,62940
9187,Employee_9187,Sales,34996
9188,Employee_9188,HR,84810
9189,Employee_9189,Marketing,92131
9190,Employee_9190,Sales,52088
9191,Employee_9191,Sales,69624
9192,Employee_9192,IT,56666
9193,Employee_9193,HR,33381
9194,Employee_9194,Finance,40877
9195,Employee_9195,IT,34065
9196,Employee_9196,Marketing,73726
9197,Employee_9197,Sales,46669
9198,Employee_9198,Sales,84843
9199,Employee_9199,IT,44877
9200,Employee_9200,HR,44980
9201,Employee_9201,Marketing,63540
9202,Employee_9202,HR,55127
9203,Employee_9203,Finance,87740
9204,Employee_9204,IT,50546
9205,Employee_9205,HR,99817
9206,Employee_9206,Marketing,30405
9207,Employee_9207,Finance,52410
9208,Employee_9208,IT,89544
9209,Employee_9209,Sales,94360
9210,Employee_9210,HR,33851
9211,Employee_9211,Marketing,34116
9212,Employee_9212,Marketing,44262
9213,Employee_9213,IT,87738
9214,Employee_9214,Finance,34665
9215,Employee_9215,Sales,52758
9216,Employee_9216,IT,59051
9217,Employee_9217,HR,38692
9218,Employee_9218,Finance,49674
9219,Employee_9219,HR,80922
9220,Employee_9220,HR,34036
9221,Employee_9221,HR,92496
9222,Employee_9222,Finance,73323
9223,Employee_9223,IT,47382
9224,Employee_9224,Marketing,62111
9225,Employee_9225,Marketing,82142
9226,Employee_9226,IT,37127
9227,Employee_9227,HR,56816
9228,Employee_9228,Sales,40654
9229,Employee_9229,IT,85383
9230,Employee_9230,Finance,33591
9231,Employee_9231,IT,78192
9232,Employee_9232,HR,59151
9233,Employee_9233,Finance,56069
9234,Employee_9234,HR,69287
9235,Employee_9235,Finance,47893
9236,Employee_9236,Marketing,86125
9237,Employee_9237,HR,43814
9238,Employee_9238,Finance,69407
9239,Employee_9239,Finance,46465
9240,Employee_9240,Marketing,70339
9241,Employee_9241,IT,41815
9242,Employee_9242,IT,38980
9243,Employee_9243,Sales,49802
9244,Employee_9244,IT,54294
9245,Employee_9245,HR,36170
9246,Employee_9246,Finance,34396
9247,Employee_9247,Marketing,96405
9248,Employee_9248,HR,64406
9249,Employee_9249,Finance,87823
9250,Employee_9250,Sales,85473
9251,Employee_9251,IT,64262
9252,Employee_9252,HR,77569
9253,Employee_9253,Sales,65407
9254,Employee_9254,Sales,92514
9255,Employee_9255,IT,81516
9256,Employee_9256,Marketing,31419
9257,Employee_9257,HR,39482
9258,Employee_9258,Marketing,46593
9259,Employee_9259,Sales,30935
9260,Employee_9260,Marketing,46120
9261,Employee_9261,Sales,38216
9262,Employee_9262,Sales,49864
9263,Employee_9263,IT,56958
9264,Employee_9264,Finance,56389
9265,Employee_9265,Marketing,94829
9266,Employee_9266,HR,80689
9267,Employee_9267,Marketing,86847
9268,Employee_9268,Finance,64198
9269,Employee_9269,Sales,97483
9270,Employee_9270,Marketing,78182
9271,Employee_9271,IT,30104
9272,Employee_9272,Sales,32211
9273,Employee_9273,Marketing,35555
9274,Employee_9274,Finance,98497
9275,Employee_9275,HR,94611
9276,Employee_9276,IT,72395
9277,Employee_9277,Marketing,87678
9278,Employee_9278,Marketing,55257
9279,Employee_9279,Sales,73855
9280,Employee_9280,Finance,55057
9281,Employee_9281,Marketing,60363
9282,Employee_9282,Finance,98364
9283,Employee_9283,Finance,31764
9284,Employee_9284,IT,39219
9285,Employee_9285,HR,32440
9286,Employee_9286,Marketing,91900
9287,Employee_9287,Marketing,39168
9288,Employee_9288,Marketing,65603
9289,Employee_9289,IT,85631
9290,Employee_9290,Sales,79162
9291,Employee_9291,Finance,99189
9292,Employee_9292,HR,51826
9293,Employee_9293,IT,66578
9294,Employee_9294,Sales,51741
9295,Employee_9295,Marketing,80938
9296,Employee_9296,Marketing,63727
9297,Employee_9297,IT,87538
9298,Employee_9298,IT,80605
9299,Employee_9299,HR,35584
9300,Employee_9300,IT,70595
9301,Employee_9301,HR,95338
9302,Employee_9302,Sales,56523
9303,Employee_9303,Finance,61639
9304,Employee_9304,Sales,96763
9305,Employee_9305,Marketing,41199
9306,Employee_9306,Finance,32525
9307,Employee_9307,HR,54453
9308,Employee_9308,Sales,46261
9309,Employee_9309,HR,45327
9310,Employee_9310,IT,60384
9311,Employee_9311,HR,98888
9312,Employee_9312,Finance,46906
9313,Employee_9313,Finance,62426
9314,Employee_9314,IT,91843
9315,Employee_9315,Finance,91274
9316,Employee_9316,Finance,37001
9317,Employee_9317,Marketing,56665
9318,Employee_9318,Sales,54238
9319,Employee_9319,HR,47513
9320,Employee_9320,HR,33351
9321,Employee_9321,IT,33283
9322,Employee_9322,HR,56533
9323,Employee_9323,IT,90721
9324,Employee_9324,HR,76274
9325,Employee_9325,Finance,46206
9326,Employee_9326,Finance,55327
9327,Employee_9327,HR,53721
9328,Employee_9328,Marketing,74522
9329,Employee_9329,IT,81955
9330,Employee_9330,Finance,37460
9331,Employee_9331,Marketing,43277
9332,Employee_9332,Marketing,82676
9333,Employee_9333,IT,65123
9334,Employee_9334,Finance,31135
9335,Employee_9335,Marketing,73085
9336,Employee_9336,Sales,94114
9337,Employee_9337,Marketing,72964
9338,Employee_9338,HR,33861
9339,Employee_9339,HR,57059
9340,Employee_9340,IT,96431
9341,Employee_9341,Finance,43212
9342,Employee_9342,Finance,74588
9343,Employee_9343,HR,89441
9344,Employee_9344,Finance,79976
9345,Employee_9345,Marketing,86663
9346,Employee_9346,HR,51547
9347,Employee_9347,HR,55204
9348,Employee_9348,HR,78299
9349,Employee_9349,Finance,81956
9350,Employee_9350,Finance,73506
9351,Employee_9351,IT,41506
9352,Employee_9352,Sales,34118
9353,Employee_9353,Sales,33292
9354,Employee_9354,HR,39287
9355,Employee_9355,Sales,37164
9356,Employee_9356,IT,37982
9357,Employee_9357,Sales,83275
9358,Employee_9358,Finance,88985
9359,Employee_9359,HR,89554
9360,Employee_9360,IT,70064
9361,Employee_9361,HR,77468
9362,Employee_9362,IT,55653
9363,Employee_9363,Marketing,49671
9364,Employee_9364,HR,47725
9365,Employee_9365,Sales,53035
9366,Employee_9366,Finance,38491
9367,Employee_9367,HR,56400
9368,Employee_9368,IT,57089
9369,Employee_9369,Finance,39528
9370,Employee_9370,Marketing,52052
9371,Employee_9371,Finance,40994
9372,Employee_9372,Sales,51541
9373,Employee_9373,Sales,30728
9374,Employee_9374,HR,86606
9375,Employee_9375,HR,48200
9376,Employee_9376,IT,72075
9377,Employee_9377,HR,98369
9378,Employee_9378,Marketing,34503
9379,Employee_9379,IT,57798
9380,Employee_9380,Sales,91567
9381,Employee_9381,Sales,44082
9382,Employee_9382,Finance,57611
9383,Employee_9383,Marketing,71831
9384,Employee_9384,HR,70370
9385,Employee_9385,IT,81006
9386,Employee_9386,HR,86945
9387,Employee_9387,Finance,91023
9388,Employee_9388,Finance,46570
9389,Employee_9389,Marketing,57556
9390,Employee_9390,HR,43027
9391,Employee_9391,IT,71570
9392,Employee_9392,HR,50869
9393,Employee_9393,Sales,90793
9394,Employee_9394,IT,75029
9395,Employee_9395,IT,39038
9396,Employee_9396,Sales,70887
9397,Employee_9397,Marketing,79403
9398,Employee_9398,HR,41283
9399,Employee_9399,IT,75129
9400,Employee_9400,HR,94800
9401,Employee_9401,Finance,74452
9402,Employee_9402,Sales,30791
9403,Employee_9403,Marketing,86518
9404,Employee_9404,Sales,81616
9405,Employee_9405,Finance,80427
9406,Employee_9406,Sales,46740
9407,Employee_9407,Sales,90591
9408,Employee_9408,Finance,57134
9409,Employee_9409,HR,98075
9410,Employee_9410,Sales,76421
9411,Employee_9411,Finance,78557
9412,Employee_9412,Sales,35769
9413,Employee_9413,IT,63347
9414,Employee_9414,IT,67424
9415,Employee_9415,IT,39545
9416,Employee_9416,Finance,36365
9417,Employee_9417,IT,89803
9418,Employee_9418,HR,93067
9419,Employee_9419,HR,75956
9420,Employee_9420,Finance,71703
9421,Employee_9421,IT,98687
9422,Employee_9422,Sales,87191
9423,Employee_9423,Marketing,96944
9424,Employee_9424,IT,75304
9425,Employee_9425,Sales,70307
9426,Employee_9426,Finance,94774
9427,Employee_9427,IT,83565
9428,Employee_9428,IT,87761
9429,Employee_9429,Finance,65127
9430,Employee_9430,Marketing,66309
9431,Employee_9431,IT,63065
9432,Employee_9432,IT,66602
9433,Employee_9433,Sales,72856
9434,Employee_9434,Marketing,63573
9435,Employee_9435,Finance,81198
9436,Employee_9436,HR,70693
9437,Employee_9437,HR,80893
9438,Employee_9438,Finance,34885
9439,Employee_9439,Finance,73189
9440,Employee_9440,HR,50535
9441,Employee_9441,Sales,97787
9442,Employee_9442,Marketing,77050
9443,Employee_9443,HR,61708
9444,Employee_9444,Finance,91539
9445,Employee_9445,Marketing,40425
9446,Employee_9446,Sales,58655
9447,Employee_9447,HR,63790
9448,Employee_9448,Sales,92828
9449,Employee_9449,Marketing,92382
9450,Employee_9450,HR,70178
9451,Employee_9451,IT,95755
9452,Employee_9452,HR,85094
9453,Employee_9453,HR,78221
9454,Employee_9454,Sales,45790
9455,Employee_9455,Sales,32163
9456,Employee_9456,HR,71101
9457,Employee_9457,Marketing,86104
9458,Employee_9458,IT,81320
9459,Employee_9459,Sales,31024
9460,Employee_9460,HR,77644
9461,Employee_9461,Marketing,42567
9462,Employee_9462,Sales,45189
9463,Employee_9463,Finance,34006
9464,Employee_9464,Marketing,52956
9465,Employee_9465,Sales,98021
9466,Employee_9466,Finance,40811
9467,Employee_9467,Sales,37873
9468,Employee_9468,Marketing,39339
9469,Employee_9469,Sales,81214
9470,Employee_9470,IT,94079
9471,Employee_9471,Sales,79267
9472,Employee_9472,Marketing,65048
9473,Employee_9473,Finance,57078
9474,Employee_9474,Marketing,68200
9475,Employee_9475,HR,81153
9476,Employee_9476,HR,49794
9477,Employee_9477,HR,57131
9478,Employee_9478,Marketing,46502
9479,Employee_9479,Finance,30407
9480,Employee_9480,IT,37755
9481,Employee_9481,HR,89446
9482,Employee_9482,HR,33683
9483,Employee_9483,HR,30691
9484,Employee_9484,Finance,47194
9485,Employee_9485,Marketing,30967
9486,Employee_9486,Finance,45352
9487,Employee_9487,HR,51781
9488,Employee_9488,HR,41077
9489,Employee_9489,HR,96593
9490,Employee_9490,Sales,77474
9491,Employee_9491,HR,37822
9492,Employee_9492,HR,73168
9493,Employee_9493,Sales,66056
9494,Employee_9494,Marketing,65311
9495,Employee_9495,IT,31083
9496,Employee_9496,HR,91138
9497,Employee_9497,IT,82372
9498,Employee_9498,Sales,30589
9499,Employee_9499,Sales,88339
9500,Employee_9500,HR,76599
9501,Employee_9501,HR,80435
9502,Employee_9502,Marketing,41176
9503,Employee_9503,Finance,56504
9504,Employee_9504,Sales,84955
9505,Employee_9505,HR,82957
9506,Employee_9506,Sales,58736
9507,Employee_9507,Finance,91155
9508,Employee_9508,Sales,45780
9509,Employee_9509,Finance,48980
9510,Employee_9510,Marketing,31707
9511,Employee_9511,IT,42180
9512,Employee_9512,Marketing,50211
9513,Employee_9513,HR,54251
9514,Employee_9514,Marketing,89521
9515,Employee_9515,Finance,60084
9516,Employee_9516,Sales,54007
9517,Employee_9517,IT,39416
9518,Employee_9518,Marketing,94909
9519,Employee_9519,IT,36734
9520,Employee_9520,HR,66301
9521,Employee_9521,IT,89983
9522,Employee_9522,Sales,86775
9523,Employee_9523,IT,40117
9524,Employee_9524,Marketing,66728
9525,Employee_9525,HR,64267
9526,Employee_9526,Finance,49002
9527,Employee_9527,Finance,72559
9528,Employee_9528,HR,50477
9529,Employee_9529,Marketing,64874
9530,Employee_9530,IT,77491
9531,Employee_9531,IT,65292
9532,Employee_9532,Marketing,67429
9533,Employee_9533,IT,77848
9534,Employee_9534,IT,37110
9535,Employee_9535,Sales,35893
9536,Employee_9536,Marketing,43912
9537,Employee_9537,IT,95496
9538,Employee_9538,IT,45141
9539,Employee_9539,HR,57559
9540,Employee_9540,IT,76323
9541,Employee_9541,HR,86419
9542,Employee_9542,HR,83334
9543,Employee_9543,Marketing,47763
9544,Employee_9544,Finance,51883
9545,Employee_9545,Marketing,52465
9546,Employee_9546,Marketing,83188
9547,Employee_9547,Marketing,69933
9548,Employee_9548,IT,51467
9549,Employee_9549,Marketing,47679
9550,Employee_9550,HR,43677
9551,Employee_9551,IT,50274
9552,Employee_9552,IT,78047
9553,Employee_9553,Finance,52808
9554,Employee_9554,Marketing,90827
9555,Employee_9555,IT,33739
9556,Employee_9556,Finance,86373
9557,Employee_9557,HR,49852
9558,Employee_9558,HR,34231
9559,Employee_9559,HR,50299
9560,Employee_9560,Finance,31296
9561,Employee_9561,HR,58571
9562,Employee_9562,Finance,50226
9563,Employee_9563,Sales,31092
9564,Employee_9564,Sales,42766
9565,Employee_9565,Finance,90324
9566,Employee_9566,IT,88775
9567,Employee_9567,IT,37991
9568,Employee_9568,HR,82442
9569,Employee_9569,IT,50388
9570,Employee_9570,Sales,78721
9571,Employee_9571,IT,45586
9572,Employee_9572,IT,67432
9573,Employee_9573,Sales,35661
9574,Employee_9574,IT,30444
9575,Employee_9575,Marketing,32404
9576,Employee_9576,IT,61780
9577,Employee_9577,IT,48874
9578,Employee_9578,Finance,98093
9579,Employee_9579,Finance,60983
9580,Employee_9580,Marketing,54078
9581,Employee_9581,HR,99595
9582,Employee_9582,HR,50932
9583,Employee_9583,Marketing,41428
9584,Employee_9584,Marketing,75507
9585,Employee_9585,IT,83797
9586,Employee_9586,IT,65546
9587,Employee_9587,Sales,90343
9588,Employee_9588,IT,88954
9589,Employee_9589,HR,95110
9590,Employee_9590,Marketing,92458
9591,Employee_9591,IT,64203
9592,Employee_9592,IT,81382
9593,Employee_9593,IT,98351
9594,Employee_9594,HR,93843
9595,Employee_9595,Finance,95787
9596,Employee_9596,HR,38814
9597,Employee_9597,Sales,49048
9598,Employee_9598,Finance,99173
9599,Employee_9599,HR,44867
9600,Employee_9600,Sales,91959
9601,Employee_9601,Finance,37589
9602,Employee_9602,IT,57069
9603,Employee_9603,Marketing,36845
9604,Employee_9604,Finance,49056
9605,Employee_9605,IT,85182
9606,Employee_9606,Sales,61251
9607,Employee_9607,IT,80738
9608,Employee_9608,Sales,76103
9609,Employee_9609,Marketing,91690
9610,Employee_9610,Marketing,88844
9611,Employee_9611,Marketing,91497
9612,Employee_9612,Sales,44098
9613,Employee_9613,HR,50498
9614,Employee_9614,HR,82732
9615,Employee_9615,IT,47254
9616,Employee_9616,Finance,42869
9617,Employee_9617,Sales,87266
9618,Employee_9618,Marketing,58686
9619,Employee_9619,IT,67667
9620,Employee_9620,Marketing,88080
9621,Employee_9621,IT,69048
9622,Employee_9622,Marketing,41583
9623,Employee_9623,Finance,71285
9624,Employee_9624,Marketing,85421
9625,Employee_9625,Sales,58593
9626,Employee_9626,Sales,56100
9627,Employee_9627,Finance,45338
9628,Employee_9628,IT,62111
9629,Employee_9629,Marketing,91597
9630,Employee_9630,IT,85360
9631,Employee_9631,Finance,95143
9632,Employee_9632,IT,97389
9633,Employee_9633,HR,50733
9634,Employee_9634,Marketing,84968
9635,Employee_9635,Sales,87722
9636,Employee_9636,IT,67667
9637,Employee_9637,Marketing,51511
9638,Employee_9638,IT,87763
9639,Employee_9639,IT,86458
9640,Employee_9640,IT,88788
9641,Employee_9641,IT,89370
9642,Employee_9642,Finance,81288
9643,Employee_9643,HR,30682
9644,Employee_9644,HR,52955
9645,Employee_9645,IT,53874
9646,Employee_9646,Finance,56750
9647,Employee_9647,Finance,96518
9648,Employee_9648,IT,62650
9649,Employee_9649,Finance,67896
9650,Employee_9650,IT,70120
9651,Employee_9651,HR,69117
9652,Employee_9652,IT,56391
9653,Employee_9653,Sales,50652
9654,Employee_9654,Marketing,49740
9655,Employee_9655,HR,59521
9656,Employee_9656,HR,53688
9657,Employee_9657,IT,82058
9658,Employee_9658,Sales,93729
9659,Employee_9659,Marketing,61031
9660,Employee_9660,Sales,30197
9661,Employee_9661,Sales,91711
9662,Employee_9662,HR,45759
9663,Employee_9663,Marketing,90806
9664,Employee_9664,Marketing,44993
9665,Employee_9665,IT,30067
9666,Employee_9666,Sales,69598
9667,Employee_9667,Sales,58631
9668,Employee_9668,HR,98659
9669,Employee_9669,Sales,32439
9670,Employee_9670,Marketing,40336
9671,Employee_9671,HR,32947
9672,Employee_9672,Marketing,40461
9673,Employee_9673,Finance,32468
9674,Employee_9674,HR,99542
9675,Employee_9675,IT,64338
9676,Employee_9676,IT,66280
9677,Employee_9677,Marketing,69508
9678,Employee_9678,Finance,66052
9679,Employee_9679,IT,55176
9680,Employee_9680,HR,59151
9681,Employee_9681,HR,60341
9682,Employee_9682,Marketing,81661
9683,Employee_9683,IT,89394
9684,Employee_9684,IT,70268
9685,Employee_9685,Marketing,59623
9686,Employee_9686,Finance,80457
9687,Employee_9687,Marketing,36987
9688,Employee_9688,IT,95423
9689,Employee_9689,Finance,92990
9690,Employee_9690,Marketing,94121
9691,Employee_9691,HR,58648
9692,Employee_9692,Finance,48280
9693,Employee_9693,IT,84984
9694,Employee_9694,HR,36609
9695,Employee_9695,Sales,50546
9696,Employee_9696,Finance,90374
9697,Employee_9697,HR,64514
9698,Employee_9698,Finance,92688
9699,Employee_9699,HR,62073
9700,Employee_9700,IT,46121
9701,Employee_9701,Marketing,35331
9702,Employee_9702,Marketing,99973
9703,Employee_9703,Sales,47885
9704,Employee_9704,HR,77341
9705,Employee_9705,Marketing,75610
9706,Employee_9706,IT,87912
9707,Employee_9707,Sales,69861
9708,Employee_9708,Marketing,84637
9709,Employee_9709,Finance,62805
9710,Employee_9710,Sales,38910
9711,Employee_9711,IT,71530
9712,Employee_9712,IT,36754
9713,Employee_9713,HR,37458
9714,Employee_9714,IT,75244
9715,Employee_9715,Marketing,52473
9716,Employee_9716,Sales,48796
9717,Employee_9717,Sales,70955
9718,Employee_9718,Marketing,39533
9719,Employee_9719,Finance,62096
9720,Employee_9720,HR,68461
9721,Employee_9721,Finance,84841
9722,Employee_9722,HR,59853
9723,Employee_9723,IT,54408
9724,Employee_9724,Marketing,65227
9725,Employee_9725,IT,69124
9726,Employee_9726,Finance,54470
9727,Employee_9727,HR,94303
9728,Employee_9728,HR,78408
9729,Employee_9729,Finance,83357
9730,Employee_9730,HR,31220
9731,Employee_9731,HR,70392
9732,Employee_9732,HR,35554
9733,Employee_9733,Marketing,51577
9734,Employee_9734,Sales,39726
9735,Employee_9735,IT,60992
9736,Employee_9736,HR,99441
9737,Employee_9737,IT,57691
9738,Employee_9738,Finance,43780
9739,Employee_9739,IT,93813
9740,Employee_9740,Marketing,39076
9741,Employee_9741,Marketing,85607
9742,Employee_9742,HR,64525
9743,Employee_9743,Finance,53151
9744,Employee_9744,IT,59734
9745,Employee_9745,Sales,69258
9746,Employee_9746,IT,74272
9747,Employee_9747,HR,39824
9748,Employee_9748,Marketing,30188
9749,Employee_9749,Finance,39427
9750,Employee_9750,Marketing,45538
9751,Employee_9751,IT,80903
9752,Employee_9752,HR,99298
9753,Employee_9753,Sales,53745
9754,Employee_9754,Marketing,38582
9755,Employee_9755,Marketing,36580
9756,Employee_9756,Marketing,41388
9757,Employee_9757,Marketing,65106
9758,Employee_9758,HR,74962
9759,Employee_9759,Finance,40195
9760,Employee_9760,Sales,82459
9761,Employee_9761,IT,90899
9762,Employee_9762,Sales,47141
9763,Employee_9763,Sales,67721
9764,Employee_9764,Sales,98978
9765,Employee_9765,Finance,96592
9766,Employee_9766,Finance,56884
9767,Employee_9767,Sales,32177
9768,Employee_9768,Sales,82664
9769,Employee_9769,Finance,64217
9770,Employee_9770,IT,74059
9771,Employee_9771,IT,52993
9772,Employee_9772,Marketing,90170
9773,Employee_9773,HR,39677
9774,Employee_9774,Sales,82471
9775,Employee_9775,HR,93536
9776,Employee_9776,Finance,61131
9777,Employee_9777,IT,64074
9778,Employee_9778,HR,57962
9779,Employee_9779,Sales,86321
9780,Employee_9780,Marketing,61054
9781,Employee_9781,HR,81375
9782,Employee_9782,Marketing,44076
9783,Employee_9783,Sales,93097
9784,Employee_9784,Marketing,56875
9785,Employee_9785,Marketing,34269
9786,Employee_9786,HR,93318
9787,Employee_9787,Finance,57477
9788,Employee_9788,HR,73986
9789,Employee_9789,Marketing,86131
9790,Employee_9790,HR,64588
9791,Employee_9791,Finance,52611
9792,Employee_9792,HR,93295
9793,Employee_9793,Marketing,59057
9794,Employee_9794,HR,87753
9795,Employee_9795,IT,48547
9796,Employee_9796,Finance,61611
9797,Employee_9797,IT,95466
9798,Employee_9798,Sales,43630
9799,Employee_9799,Sales,54693
9800,Employee_9800,Sales,51493
9801,Employee_9801,Finance,37772
9802,Employee_9802,Sales,47879
9803,Employee_9803,Marketing,73912
9804,Employee_9804,IT,34400
9805,Employee_9805,Sales,68336
9806,Employee_9806,Sales,32642
9807,Employee_9807,IT,72516
9808,Employee_9808,HR,65171
9809,Employee_9809,Sales,90059
9810,Employee_9810,Finance,83035
9811,Employee_9811,Marketing,66196
9812,Employee_9812,Marketing,71775
9813,Employee_9813,HR,74178
9814,Employee_9814,IT,89191
9815,Employee_9815,IT,88254
9816,Employee_9816,Sales,68727
9817,Employee_9817,Sales,83782
9818,Employee_9818,Finance,98390
9819,Employee_9819,Finance,97303
9820,Employee_9820,Sales,63821
9821,Employee_9821,Sales,36947
9822,Employee_9822,Sales,77173
9823,Employee_9823,HR,79996
9824,Employee_9824,Finance,49361
9825,Employee_9825,HR,92427
9826,Employee_9826,IT,72687
9827,Employee_9827,IT,51859
9828,Employee_9828,Sales,90741
9829,Employee_9829,Marketing,49211
9830,Employee_9830,HR,45050
9831,Employee_9831,HR,92070
9832,Employee_9832,Marketing,52421
9833,Employee_9833,Finance,40975
9834,Employee_9834,IT,51041
9835,Employee_9835,Marketing,46147
9836,Employee_9836,Sales,42692
9837,Employee_9837,Finance,49367
9838,Employee_9838,IT,56077
9839,Employee_9839,Sales,47118
9840,Employee_9840,Marketing,49982
9841,Employee_9841,Marketing,42000
9842,Employee_9842,Sales,94243
9843,Employee_9843,HR,83679
9844,Employee_9844,IT,67876
9845,Employee_9845,HR,38234
9846,Employee_9846,Sales,58688
9847,Employee_9847,Marketing,34209
9848,Employee_9848,Marketing,96644
9849,Employee_9849,Finance,50107
9850,Employee_9850,IT,81971
9851,Employee_9851,Finance,90977
9852,Employee_9852,IT,33949
9853,Employee_9853,Marketing,37576
9854,Employee_9854,IT,51560
9855,Employee_9855,HR,67386
9856,Employee_9856,Finance,89148
9857,Employee_9857,Marketing,49322
9858,Employee_9858,Sales,40778
9859,Employee_9859,Sales,46791
9860,Employee_9860,HR,98115
9861,Employee_9861,IT,52517
9862,Employee_9862,IT,32722
9863,Employee_9863,Marketing,78606
9864,Employee_9864,IT,40016
9865,Employee_9865,HR,57937
9866,Employee_9866,Finance,78504
9867,Employee_9867,Marketing,85893
9868,Employee_9868,IT,74281
9869,Employee_9869,Sales,35138
9870,Employee_9870,Marketing,54761
9871,Employee_9871,Marketing,40561
9872,Employee_9872,Marketing,65104
9873,Employee_9873,HR,56795
9874,Employee_9874,Finance,32153
9875,Employee_9875,Marketing,38151
9876,Employee_9876,HR,97180
9877,Employee_9877,Marketing,46729
9878,Employee_9878,Sales,83041
9879,Employee_9879,Sales,96032
9880,Employee_9880,Finance,73051
9881,Employee_9881,Finance,42700
9882,Employee_9882,IT,93841
9883,Employee_9883,IT,57057
9884,Employee_9884,Marketing,97593
9885,Employee_9885,HR,67815
9886,Employee_9886,Finance,93952
9887,Employee_9887,Sales,69646
9888,Employee_9888,Finance,30170
9889,Employee_9889,Finance,30540
9890,Employee_9890,IT,97316
9891,Employee_9891,Finance,54695
9892,Employee_9892,IT,50959
9893,Employee_9893,Marketing,70932
9894,Employee_9894,IT,95661
9895,Employee_9895,IT,69752
9896,Employee_9896,IT,37687
9897,Employee_9897,Sales,41379
9898,Employee_9898,HR,49464
9899,Employee_9899,HR,70920
9900,Employee_9900,IT,33028
9901,Employee_9901,Marketing,92826
9902,Employee_9902,Marketing,94101
9903,Employee_9903,Finance,74621
9904,Employee_9904,Sales,91919
9905,Employee_9905,Sales,52966
9906,Employee_9906,Marketing,87846
9907,Employee_9907,Sales,58303
9908,Employee_9908,Sales,53313
9909,Employee_9909,IT,90776
9910,Employee_9910,Finance,63971
9911,Employee_9911,Finance,38950
9912,Employee_9912,Marketing,69981
9913,Employee_9913,HR,55446
9914,Employee_9914,HR,48591
9915,Employee_9915,Finance,51267
9916,Employee_9916,IT,52760
9917,Employee_9917,HR,63617
9918,Employee_9918,IT,77146
9919,Employee_9919,IT,42883
9920,Employee_9920,IT,88346
9921,Employee_9921,IT,45494
9922,Employee_9922,Finance,46369
9923,Employee_9923,HR,94858
9924,Employee_9924,Finance,70172
9925,Employee_9925,Sales,87364
9926,Employee_9926,Sales,60951
9927,Employee_9927,Finance,92477
9928,Employee_9928,HR,50614
9929,Employee_9929,Marketing,64798
9930,Employee_9930,Finance,80487
9931,Employee_9931,Sales,32145
9932,Employee_9932,IT,42049
9933,Employee_9933,Sales,80999
9934,Employee_9934,Finance,95015
9935,Employee_9935,Finance,37057
9936,Employee_9936,Sales,61132
9937,Employee_9937,Marketing,87461
9938,Employee_9938,Finance,42724
9939,Employee_9939,Marketing,40841
9940,Employee_9940,IT,38710
9941,Employee_9941,Marketing,53715
9942,Employee_9942,Finance,98262
9943,Employee_9943,Sales,86293
9944,Employee_9944,Marketing,87909
9945,Employee_9945,Finance,58496
9946,Employee_9946,Finance,81718
9947,Employee_9947,Finance,94004
9948,Employee_9948,Sales,45432
9949,Employee_9949,IT,33209
9950,Employee_9950,HR,43481
9951,Employee_9951,IT,67346
9952,Employee_9952,IT,70456
9953,Employee_9953,Finance,76529
9954,Employee_9954,IT,78007
9955,Employee_9955,Sales,52677
9956,Employee_9956,Finance,62403
9957,Employee_9957,Marketing,85180
9958,Employee_9958,Sales,49781
9959,Employee_9959,Sales,75720
9960,Employee_9960,IT,87544
9961,Employee_9961,IT,82022
9962,Employee_9962,IT,98024
9963,Employee_9963,Sales,60169
9964,Employee_9964,IT,91869
9965,Employee_9965,Finance,41932
9966,Employee_9966,Finance,36572
9967,Employee_9967,Sales,96706
9968,Employee_9968,IT,30579
9969,Employee_9969,Sales,49530
9970,Employee_9970,Sales,65079
9971,Employee_9971,Sales,88241
9972,Employee_9972,Sales,57868
9973,Employee_9973,Sales,32173
9974,Employee_9974,Sales,94266
9975,Employee_9975,Sales,89654
9976,Employee_9976,Finance,39937
9977,Employee_9977,IT,95996
9978,Employee_9978,Marketing,83182
9979,Employee_9979,HR,55825
9980,Employee_9980,IT,42368
9981,Employee_9981,Finance,79142
9982,Employee_9982,Sales,64773
9983,Employee_9983,Sales,84314
9984,Employee_9984,Marketing,80597
9985,Employee_9985,Marketing,98330
9986,Employee_9986,Marketing,66991
9987,Employee_9987,HR,58134
9988,Employee_9988,Sales,86506
9989,Employee_9989,Sales,48416
9990,Employee_9990,Sales,60156
9991,Employee_9991,Marketing,75311
9992,Employee_9992,IT,90858
9993,Employee_9993,Finance,65776
9994,Employee_9994,HR,63801
9995,Employee_9995,IT,45708
9996,Employee_9996,Finance,36470
9997,Employee_9997,IT,53948
9998,Employee_9998,Marketing,46287
9999,Employee_9999,HR,53805
10000,Employee_10000,Sales,91560
